scheduler,cpu_config,num_vms,avg_waiting_time,avg_turnaround_time,avg_response_time,cpu_utilization,throughput,deadline_misses,deadline_miss_rate,fairness_jain_index,estimated_energy,context_switches,estimated_scheduling_overhead,total_time,workload_type,seed
PRR,ARM-like,5,1.3128,8.2493,1.3128,0.7712,0.11118,0,0.0,0.7662,32.948,4,0.2,44.974,light,1
PRM,ARM-like,5,1.3128,8.2493,1.3128,0.7712,0.11118,0,0.0,0.7662,32.948,4,0.2,44.974,light,1
Contextual Bandit RL,ARM-like,5,1.3128,8.2493,1.3128,0.7712,0.11118,0,0.0,0.7662,32.948,4,0.2,44.974,light,1
Proposed Hybrid,ARM-like,5,1.3128,8.2493,1.3128,0.7712,0.11118,0,0.0,0.7662,32.948,4,0.2,44.974,light,1
PRR,ARM-like,5,-0.0,4.9906,0.0,0.4682,0.09383,0,0.0,1.0,23.705,4,0.2,53.291,light,2
PRM,ARM-like,5,-0.0,4.9906,0.0,0.4682,0.09383,0,0.0,1.0,23.705,4,0.2,53.291,light,2
Contextual Bandit RL,ARM-like,5,-0.0,4.9906,0.0,0.4682,0.09383,0,0.0,1.0,23.705,4,0.2,53.291,light,2
Proposed Hybrid,ARM-like,5,-0.0,4.9906,0.0,0.4682,0.09383,0,0.0,1.0,23.705,4,0.2,53.291,light,2
PRR,ARM-like,5,-0.0,5.68,0.0,0.5669,0.09981,0,0.0,1.0,26.98,4,0.2,50.094,light,3
PRM,ARM-like,5,-0.0,5.68,0.0,0.5669,0.09981,0,0.0,1.0,26.98,4,0.2,50.094,light,3
Contextual Bandit RL,ARM-like,5,-0.0,5.68,0.0,0.5669,0.09981,0,0.0,1.0,26.98,4,0.2,50.094,light,3
Proposed Hybrid,ARM-like,5,-0.0,5.68,0.0,0.5669,0.09981,0,0.0,1.0,26.98,4,0.2,50.094,light,3
PRR,ARM-like,5,-0.0,6.8612,0.0,0.5542,0.08078,0,0.0,1.0,32.591,4,0.2,61.897,light,4
PRM,ARM-like,5,-0.0,6.8612,0.0,0.5542,0.08078,0,0.0,1.0,32.591,4,0.2,61.897,light,4
Contextual Bandit RL,ARM-like,5,-0.0,6.8612,0.0,0.5542,0.08078,0,0.0,1.0,32.591,4,0.2,61.897,light,4
Proposed Hybrid,ARM-like,5,-0.0,6.8612,0.0,0.5542,0.08078,0,0.0,1.0,32.591,4,0.2,61.897,light,4
PRR,ARM-like,5,-0.0,6.2682,0.0,0.4792,0.07646,0,0.0,1.0,29.774,4,0.2,65.396,light,5
PRM,ARM-like,5,-0.0,6.2682,0.0,0.4792,0.07646,0,0.0,1.0,29.774,4,0.2,65.396,light,5
Contextual Bandit RL,ARM-like,5,-0.0,6.2682,0.0,0.4792,0.07646,0,0.0,1.0,29.774,4,0.2,65.396,light,5
Proposed Hybrid,ARM-like,5,-0.0,6.2682,0.0,0.4792,0.07646,0,0.0,1.0,29.774,4,0.2,65.396,light,5
PRR,ARM-like,5,35.334,52.6775,14.0281,0.9448,0.05447,4,0.8,0.3824,123.573,11,0.55,91.788,normal,1
PRM,ARM-like,5,30.5434,47.8869,4.1411,0.9448,0.05447,4,0.8,0.4733,123.573,7,0.35,91.788,normal,1
Contextual Bandit RL,ARM-like,5,50.8964,68.2399,2.3058,0.9448,0.05447,5,1.0,0.8911,123.573,16,0.8,91.788,normal,1
Proposed Hybrid,ARM-like,5,45.5693,62.9128,12.6822,0.9448,0.05447,5,1.0,0.8319,123.573,18,0.9,91.788,normal,1
PRR,ARM-like,5,12.3626,24.8426,8.6849,0.9459,0.07579,2,0.4,0.6982,88.92,6,0.3,65.97,normal,2
PRM,ARM-like,5,12.7438,25.2238,10.9038,0.9459,0.07579,2,0.4,0.6931,88.92,5,0.25,65.97,normal,2
Contextual Bandit RL,ARM-like,5,14.6355,27.1155,5.9155,0.9459,0.07579,3,0.6,0.3542,88.92,7,0.35,65.97,normal,2
Proposed Hybrid,ARM-like,5,13.3038,25.7838,9.6261,0.9459,0.07579,2,0.4,0.6758,88.92,6,0.3,65.97,normal,2
PRR,ARM-like,5,27.424,41.6216,7.9511,0.9658,0.06803,4,0.8,0.4823,101.158,9,0.45,73.498,normal,3
PRM,ARM-like,5,25.9793,40.1769,16.0028,0.9658,0.06803,3,0.6,0.3047,101.158,5,0.25,73.498,normal,3
Contextual Bandit RL,ARM-like,5,45.6028,59.8005,2.1981,0.9658,0.06803,5,1.0,0.9552,101.158,16,0.8,73.498,normal,3
Proposed Hybrid,ARM-like,5,25.7416,39.9393,10.8875,0.9658,0.06803,4,0.8,0.8917,101.158,13,0.65,73.498,normal,3
PRR,ARM-like,5,23.7776,40.9329,20.7965,0.918,0.05351,2,0.4,0.7953,122.231,8,0.4,93.436,normal,4
PRM,ARM-like,5,25.6506,42.8059,25.6506,0.918,0.05351,2,0.4,0.2702,122.231,4,0.2,93.436,normal,4
Contextual Bandit RL,ARM-like,5,28.4835,45.6388,14.8459,0.918,0.05351,3,0.6,0.7416,122.231,12,0.6,93.436,normal,4
Proposed Hybrid,ARM-like,5,30.3659,47.5212,13.1212,0.918,0.05351,3,0.6,0.2482,122.231,12,0.6,93.436,normal,4
PRR,ARM-like,5,22.276,37.9489,8.5254,0.9198,0.05869,3,0.6,0.4821,111.67,7,0.35,85.195,normal,5
PRM,ARM-like,5,18.2195,33.8925,14.2101,0.9198,0.05869,3,0.6,0.4486,111.67,6,0.3,85.195,normal,5
Contextual Bandit RL,ARM-like,5,22.9254,38.5984,10.2831,0.9198,0.05869,4,0.8,0.3048,111.67,11,0.55,85.195,normal,5
Proposed Hybrid,ARM-like,5,22.6431,38.316,12.3301,0.9198,0.05869,4,0.8,0.3914,111.67,9,0.45,85.195,normal,5
PRR,ARM-like,5,113.5081,167.6022,66.4775,0.9888,0.01828,4,0.8,0.2283,642.368,20,1.0,273.521,cpu_heavy,1
PRM,ARM-like,5,95.0916,149.1858,38.5011,0.9888,0.01828,4,0.8,0.2836,642.368,6,0.3,273.521,cpu_heavy,1
Contextual Bandit RL,ARM-like,5,192.0258,246.1199,9.1105,0.9888,0.01828,5,1.0,0.9895,642.368,51,2.55,273.521,cpu_heavy,1
Proposed Hybrid,ARM-like,5,153.3622,207.4564,22.2869,0.9888,0.01828,5,1.0,0.8782,642.368,53,2.65,273.521,cpu_heavy,1
PRR,ARM-like,5,65.4264,106.5487,58.9511,0.9901,0.02408,3,0.6,0.248,488.328,5,0.25,207.662,cpu_heavy,2
PRM,ARM-like,5,68.9558,110.0781,62.4805,0.9901,0.02408,3,0.6,0.246,488.328,5,0.25,207.662,cpu_heavy,2
Contextual Bandit RL,ARM-like,5,108.7605,149.8828,37.1134,0.9901,0.02408,5,1.0,0.4993,488.328,27,1.35,207.662,cpu_heavy,2
Proposed Hybrid,ARM-like,5,87.0734,128.1958,42.6193,0.9901,0.02408,4,0.8,0.4353,488.328,28,1.4,207.662,cpu_heavy,2
PRR,ARM-like,5,95.8612,141.5647,26.2518,0.9942,0.02175,4,0.8,0.25,542.729,22,1.1,229.858,cpu_heavy,3
PRM,ARM-like,5,99.1082,144.8118,67.8,0.9942,0.02175,3,0.6,0.2533,542.729,5,0.25,229.858,cpu_heavy,3
Contextual Bandit RL,ARM-like,5,118.7882,164.4918,14.3647,0.9942,0.02175,4,0.8,0.6697,542.729,21,1.05,229.858,cpu_heavy,3
Proposed Hybrid,ARM-like,5,127.4188,173.1224,20.0118,0.9942,0.02175,5,1.0,0.9495,542.729,36,1.8,229.858,cpu_heavy,3
PRR,ARM-like,5,103.8826,157.4732,87.7767,0.9825,0.01833,3,0.6,0.7624,636.388,22,1.1,272.723,cpu_heavy,4
PRM,ARM-like,5,105.4355,159.0261,105.4355,0.9825,0.01833,3,0.6,0.217,636.388,4,0.2,272.723,cpu_heavy,4
Contextual Bandit RL,ARM-like,5,109.5296,163.1202,56.1202,0.9825,0.01833,3,0.6,0.5046,636.388,18,0.9,272.723,cpu_heavy,4
Proposed Hybrid,ARM-like,5,133.0591,186.6496,34.3485,0.9825,0.01833,4,0.8,0.4931,636.388,34,1.7,272.723,cpu_heavy,4
PRR,ARM-like,5,82.0427,131.678,35.9698,0.9833,0.01981,3,0.6,0.3004,589.419,7,0.35,252.396,cpu_heavy,5
PRM,ARM-like,5,81.5886,131.2239,67.7604,0.9833,0.01981,3,0.6,0.2779,589.419,5,0.25,252.396,cpu_heavy,5
Contextual Bandit RL,ARM-like,5,139.1015,188.7368,26.3604,0.9833,0.01981,5,1.0,0.4938,589.419,44,2.2,252.396,cpu_heavy,5
Proposed Hybrid,ARM-like,5,115.0215,164.6568,19.7721,0.9833,0.01981,5,1.0,0.495,589.419,28,1.4,252.396,cpu_heavy,5
PRR,ARM-like,5,78.1335,117.1641,47.4841,0.9744,0.02497,4,0.8,0.2249,370.791,12,0.6,200.273,bursty,1
PRM,ARM-like,5,60.9288,99.9594,24.0771,0.9744,0.02497,3,0.6,0.2901,370.791,6,0.3,200.273,bursty,1
Contextual Bandit RL,ARM-like,5,134.3241,173.3547,7.0653,0.9744,0.02497,5,1.0,0.9757,370.791,35,1.75,200.273,bursty,1
Proposed Hybrid,ARM-like,5,98.1006,137.1312,28.7124,0.9744,0.02497,4,0.8,0.7635,370.791,35,1.75,200.273,bursty,1
PRR,ARM-like,5,23.5301,46.9936,20.9372,0.9782,0.04169,1,0.2,0.4785,222.904,5,0.25,119.938,bursty,2
PRM,ARM-like,5,27.7654,51.2289,25.1725,0.9782,0.04169,2,0.4,0.4185,222.904,5,0.25,119.938,bursty,2
Contextual Bandit RL,ARM-like,5,54.6313,78.0948,17.5042,0.9782,0.04169,4,0.8,0.5942,222.904,13,0.65,119.938,bursty,2
Proposed Hybrid,ARM-like,5,31.0595,54.5231,18.1184,0.9782,0.04169,4,0.8,0.6378,222.904,13,0.65,119.938,bursty,2
PRR,ARM-like,5,57.5426,86.5049,15.4696,0.9941,0.03432,4,0.8,0.3357,275.142,15,0.75,145.672,bursty,3
PRM,ARM-like,5,64.592,93.5544,42.552,0.9941,0.03432,3,0.6,0.2423,275.142,5,0.25,145.672,bursty,3
Contextual Bandit RL,ARM-like,5,88.7732,117.7355,7.512,0.9941,0.03432,4,0.8,0.816,275.142,19,0.95,145.672,bursty,3
Proposed Hybrid,ARM-like,5,61.8744,90.8367,16.9238,0.9941,0.03432,5,1.0,0.9057,275.142,21,1.05,145.672,bursty,3
PRR,ARM-like,5,64.3379,102.7638,55.2696,0.9532,0.02481,3,0.6,0.7458,365.046,14,0.7,201.559,bursty,4
PRM,ARM-like,5,71.6602,110.0861,71.6602,0.9532,0.02481,3,0.6,0.2264,365.046,4,0.2,201.559,bursty,4
Contextual Bandit RL,ARM-like,5,77.0649,115.4908,43.1614,0.9532,0.02481,3,0.6,0.6352,365.046,19,0.95,201.559,bursty,4
Proposed Hybrid,ARM-like,5,78.4555,116.8814,29.8132,0.9532,0.02481,4,0.8,0.307,365.046,20,1.0,201.559,bursty,4
PRR,ARM-like,5,44.2552,77.9352,20.0222,0.9544,0.02834,3,0.6,0.4732,319.96,7,0.35,176.45,bursty,5
PRM,ARM-like,5,40.8834,74.5634,34.6411,0.9544,0.02834,3,0.6,0.4353,319.96,5,0.25,176.45,bursty,5
Contextual Bandit RL,ARM-like,5,56.8834,90.5634,10.8764,0.9544,0.02834,4,0.8,0.2956,319.96,20,1.0,176.45,bursty,5
Proposed Hybrid,ARM-like,5,53.8999,87.5799,25.7728,0.9544,0.02834,5,1.0,0.6602,319.96,19,0.95,176.45,bursty,5
PRR,ARM-like,5,6.0847,25.0541,6.0847,0.9392,0.04951,2,0.4,0.5302,162.188,4,0.2,100.987,mixed,1
PRM,ARM-like,5,17.32,36.2894,17.32,0.9392,0.04951,2,0.4,0.4895,162.188,4,0.2,100.987,mixed,1
Contextual Bandit RL,ARM-like,5,8.12,27.0894,5.6965,0.9392,0.04951,2,0.4,0.4004,162.188,6,0.3,100.987,mixed,1
Proposed Hybrid,ARM-like,5,6.8282,25.7976,6.8282,0.9392,0.04951,2,0.4,0.4987,162.188,4,0.2,100.987,mixed,1
PRR,ARM-like,5,27.7965,42.2506,24.2576,0.9584,0.0663,3,0.6,0.4152,123.583,5,0.25,75.411,mixed,2
PRM,ARM-like,5,23.0929,37.5471,14.6576,0.9584,0.0663,2,0.4,0.5051,123.583,6,0.3,75.411,mixed,2
Contextual Bandit RL,ARM-like,5,14.6365,29.0906,3.7212,0.9584,0.0663,3,0.6,0.7307,123.583,7,0.35,75.411,mixed,2
Proposed Hybrid,ARM-like,5,22.4224,36.8765,17.3259,0.9584,0.0663,3,0.6,0.6167,123.583,8,0.4,75.411,mixed,2
PRR,ARM-like,5,6.8167,17.1132,2.8779,0.9804,0.09522,1,0.2,0.5814,88.035,5,0.25,52.512,mixed,3
PRM,ARM-like,5,6.8167,17.1132,2.8779,0.9804,0.09522,1,0.2,0.5814,88.035,5,0.25,52.512,mixed,3
Contextual Bandit RL,ARM-like,5,6.8167,17.1132,2.8779,0.9804,0.09522,1,0.2,0.5814,88.035,5,0.25,52.512,mixed,3
Proposed Hybrid,ARM-like,5,7.7579,18.0544,2.8779,0.9804,0.09522,2,0.4,0.5632,88.035,7,0.35,52.512,mixed,3
PRR,ARM-like,5,17.2026,29.9885,14.932,0.8496,0.06645,3,0.6,0.2997,109.319,7,0.35,75.249,mixed,4
PRM,ARM-like,5,20.5508,33.3367,8.5814,0.8496,0.06645,3,0.6,0.574,109.319,6,0.3,75.249,mixed,4
Contextual Bandit RL,ARM-like,5,23.9579,36.7438,9.7861,0.8496,0.06645,3,0.6,0.6266,109.319,11,0.55,75.249,mixed,4
Proposed Hybrid,ARM-like,5,25.0614,37.8473,11.3649,0.8496,0.06645,4,0.8,0.9834,109.319,9,0.45,75.249,mixed,4
PRR,ARM-like,5,31.3544,48.8838,27.592,0.9007,0.05138,3,0.6,0.3139,149.876,8,0.4,97.307,mixed,5
PRM,ARM-like,5,39.8202,57.3496,39.8202,0.9007,0.05138,4,0.8,0.2391,149.876,4,0.2,97.307,mixed,5
Contextual Bandit RL,ARM-like,5,35.3379,52.8673,30.5473,0.9007,0.05138,4,0.8,0.3524,149.876,8,0.4,97.307,mixed,5
Proposed Hybrid,ARM-like,5,26.192,43.7214,20.4979,0.9007,0.05138,4,0.8,0.7405,149.876,7,0.35,97.307,mixed,5
PRR,ARM-like,10,1.0371,7.8135,1.0371,0.6847,0.10104,1,0.1,0.8032,64.376,9,0.45,98.971,light,1
PRM,ARM-like,10,1.0371,7.8135,1.0371,0.6847,0.10104,1,0.1,0.8032,64.376,9,0.45,98.971,light,1
Contextual Bandit RL,ARM-like,10,1.0371,7.8135,1.0371,0.6847,0.10104,1,0.1,0.8032,64.376,9,0.45,98.971,light,1
Proposed Hybrid,ARM-like,10,1.0371,7.8135,1.0371,0.6847,0.10104,1,0.1,0.8032,64.376,9,0.45,98.971,light,1
PRR,ARM-like,10,-0.0,5.5765,0.0,0.4823,0.08649,0,0.0,1.0,52.976,9,0.45,115.622,light,2
PRM,ARM-like,10,-0.0,5.5765,0.0,0.4823,0.08649,0,0.0,1.0,52.976,9,0.45,115.622,light,2
Contextual Bandit RL,ARM-like,10,-0.0,5.5765,0.0,0.4823,0.08649,0,0.0,1.0,52.976,9,0.45,115.622,light,2
Proposed Hybrid,ARM-like,10,-0.0,5.5765,0.0,0.4823,0.08649,0,0.0,1.0,52.976,9,0.45,115.622,light,2
PRR,ARM-like,10,0.0949,6.4255,0.0949,0.6036,0.09535,0,0.0,0.977,60.141,9,0.45,104.876,light,3
PRM,ARM-like,10,0.0949,6.4255,0.0949,0.6036,0.09535,0,0.0,0.977,60.141,9,0.45,104.876,light,3
Contextual Bandit RL,ARM-like,10,0.0949,6.4255,0.0949,0.6036,0.09535,0,0.0,0.977,60.141,9,0.45,104.876,light,3
Proposed Hybrid,ARM-like,10,0.0949,6.4255,0.0949,0.6036,0.09535,0,0.0,0.977,60.141,9,0.45,104.876,light,3
PRR,ARM-like,10,0.0307,6.2578,0.0307,0.5328,0.08555,0,0.0,0.9948,59.157,9,0.45,116.884,light,4
PRM,ARM-like,10,0.0307,6.2578,0.0307,0.5328,0.08555,0,0.0,0.9948,59.157,9,0.45,116.884,light,4
Contextual Bandit RL,ARM-like,10,0.0307,6.2578,0.0307,0.5328,0.08555,0,0.0,0.9948,59.157,9,0.45,116.884,light,4
Proposed Hybrid,ARM-like,10,0.0307,6.2578,0.0307,0.5328,0.08555,0,0.0,0.9948,59.157,9,0.45,116.884,light,4
PRR,ARM-like,10,0.0,6.1035,0.0,0.499,0.08176,0,0.0,1.0,57.984,9,0.45,122.312,light,5
PRM,ARM-like,10,0.0,6.1035,0.0,0.499,0.08176,0,0.0,1.0,57.984,9,0.45,122.312,light,5
Contextual Bandit RL,ARM-like,10,0.0,6.1035,0.0,0.499,0.08176,0,0.0,1.0,57.984,9,0.45,122.312,light,5
Proposed Hybrid,ARM-like,10,0.0,6.1035,0.0,0.499,0.08176,0,0.0,1.0,57.984,9,0.45,122.312,light,5
PRR,ARM-like,10,69.6966,86.6389,39.0225,0.9709,0.05731,8,0.8,0.2966,241.429,17,0.85,174.494,normal,1
PRM,ARM-like,10,60.6484,77.5907,29.7107,0.9709,0.05731,7,0.7,0.3654,241.429,13,0.65,174.494,normal,1
Contextual Bandit RL,ARM-like,10,94.4601,111.4025,5.286,0.9709,0.05731,10,1.0,0.6845,241.429,34,1.7,174.494,normal,1
Proposed Hybrid,ARM-like,10,85.4754,102.4178,35.1848,0.9709,0.05731,10,1.0,0.626,241.429,29,1.45,174.494,normal,1
PRR,ARM-like,10,34.0518,47.9929,18.2129,0.975,0.06994,4,0.4,0.3723,198.662,19,0.95,142.982,normal,2
PRM,ARM-like,10,34.4035,48.3447,29.0188,0.975,0.06994,4,0.4,0.344,198.662,12,0.6,142.982,normal,2
Contextual Bandit RL,ARM-like,10,35.2024,49.1435,18.6035,0.975,0.06994,6,0.6,0.3092,198.662,20,1.0,142.982,normal,2
Proposed Hybrid,ARM-like,10,32.0576,45.9988,24.6047,0.975,0.06994,5,0.5,0.5492,198.662,14,0.7,142.982,normal,2
PRR,ARM-like,10,54.7914,70.6172,35.1455,0.9844,0.0622,8,0.8,0.3748,225.519,22,1.1,160.769,normal,3
PRM,ARM-like,10,59.5161,75.3419,45.6266,0.9844,0.0622,7,0.7,0.213,225.519,11,0.55,160.769,normal,3
Contextual Bandit RL,ARM-like,10,85.3384,101.1643,16.929,0.9844,0.0622,9,0.9,0.4667,225.519,34,1.7,160.769,normal,3
Proposed Hybrid,ARM-like,10,60.129,75.9549,32.8596,0.9844,0.0622,8,0.8,0.4053,225.519,25,1.25,160.769,normal,3
PRR,ARM-like,10,45.5563,61.1281,41.6186,0.9531,0.06121,8,0.8,0.6219,221.898,19,0.95,163.378,normal,4
PRM,ARM-like,10,52.2304,67.8022,47.0528,0.9531,0.06121,6,0.6,0.2402,221.898,11,0.55,163.378,normal,4
Contextual Bandit RL,ARM-like,10,57.3198,72.8916,33.6234,0.9531,0.06121,7,0.7,0.4615,221.898,25,1.25,163.378,normal,4
Proposed Hybrid,ARM-like,10,61.1669,76.7386,23.521,0.9531,0.06121,8,0.8,0.1388,221.898,33,1.65,163.378,normal,4
PRR,ARM-like,10,47.5249,62.7849,37.2449,0.9572,0.06272,8,0.8,0.3424,217.455,16,0.8,159.43,normal,5
PRM,ARM-like,10,38.6238,53.8838,34.2567,0.9572,0.06272,6,0.6,0.3501,217.455,12,0.6,159.43,normal,5
Contextual Bandit RL,ARM-like,10,70.8355,86.0955,22.1791,0.9572,0.06272,9,0.9,0.1577,217.455,28,1.4,159.43,normal,5
Proposed Hybrid,ARM-like,10,51.8155,67.0755,24.5073,0.9572,0.06272,9,0.9,0.2582,217.455,27,1.35,159.43,normal,5
PRR,ARM-like,10,247.5139,300.5409,183.7586,0.9943,0.01875,9,0.9,0.1132,1259.393,44,2.2,533.321,cpu_heavy,1
PRM,ARM-like,10,216.2515,269.2786,147.1527,0.9943,0.01875,9,0.9,0.1655,1259.393,12,0.6,533.321,cpu_heavy,1
Contextual Bandit RL,ARM-like,10,352.1527,405.1798,55.348,0.9943,0.01875,9,0.9,0.3476,1259.393,88,4.4,533.321,cpu_heavy,1
Proposed Hybrid,ARM-like,10,305.8892,358.9162,88.1704,0.9943,0.01875,9,0.9,0.2656,1259.393,79,3.95,533.321,cpu_heavy,1
PRR,ARM-like,10,190.1076,235.1276,148.4982,0.9955,0.02211,8,0.8,0.1639,1069.225,62,3.1,452.25,cpu_heavy,2
PRM,ARM-like,10,171.1864,216.2064,167.9488,0.9955,0.02211,8,0.8,0.1334,1069.225,10,0.5,452.25,cpu_heavy,2
Contextual Bandit RL,ARM-like,10,293.7346,338.7546,47.1288,0.9955,0.02211,9,0.9,0.193,1069.225,82,4.1,452.25,cpu_heavy,2
Proposed Hybrid,ARM-like,10,250.9758,295.9958,74.9029,0.9955,0.02211,9,0.9,0.2256,1069.225,78,3.9,452.25,cpu_heavy,2
PRR,ARM-like,10,220.1252,270.1676,149.5594,0.9973,0.01993,9,0.9,0.1352,1188.506,60,3.0,501.764,cpu_heavy,3
PRM,ARM-like,10,225.197,275.2394,194.4676,0.9973,0.01993,8,0.8,0.1436,1188.506,10,0.5,501.764,cpu_heavy,3
Contextual Bandit RL,ARM-like,10,307.3711,357.4135,90.9899,0.9973,0.01993,9,0.9,0.3036,1188.506,75,3.75,501.764,cpu_heavy,3
Proposed Hybrid,ARM-like,10,273.9017,323.9441,81.0088,0.9973,0.01993,9,0.9,0.3104,1188.506,87,4.35,501.764,cpu_heavy,3
PRR,ARM-like,10,210.1534,259.5192,188.7322,0.9904,0.02006,8,0.8,0.5633,1172.44,56,2.8,498.429,cpu_heavy,4
PRM,ARM-like,10,220.0181,269.3839,220.0181,0.9904,0.02006,8,0.8,0.1124,1172.44,9,0.45,498.429,cpu_heavy,4
Contextual Bandit RL,ARM-like,10,296.9169,346.2828,78.771,0.9904,0.02006,9,0.9,0.2236,1172.44,90,4.5,498.429,cpu_heavy,4
Proposed Hybrid,ARM-like,10,255.5592,304.9251,67.7463,0.9904,0.02006,8,0.8,0.3553,1172.44,67,3.35,498.429,cpu_heavy,4
PRR,ARM-like,10,211.6513,260.1878,169.2113,0.9914,0.02043,8,0.8,0.1627,1152.741,43,2.15,489.585,cpu_heavy,5
PRM,ARM-like,10,187.2336,235.7701,175.9113,0.9914,0.02043,8,0.8,0.1605,1152.741,10,0.5,489.585,cpu_heavy,5
Contextual Bandit RL,ARM-like,10,347.7866,396.3231,43.5878,0.9914,0.02043,10,1.0,0.4352,1152.741,97,4.85,489.585,cpu_heavy,5
Proposed Hybrid,ARM-like,10,282.1572,330.6936,77.1113,0.9914,0.02043,9,0.9,0.329,1152.741,91,4.55,489.585,cpu_heavy,5
PRR,ARM-like,10,171.4974,209.2456,130.7103,0.9866,0.02614,9,0.9,0.1829,717.216,24,1.2,382.602,bursty,1
PRM,ARM-like,10,139.4468,177.195,92.7644,0.9866,0.02614,8,0.8,0.2201,717.216,12,0.6,382.602,bursty,1
Contextual Bandit RL,ARM-like,10,240.0056,277.7538,58.6621,0.9866,0.02614,9,0.9,0.3091,717.216,71,3.55,382.602,bursty,1
Proposed Hybrid,ARM-like,10,208.635,246.3832,84.0738,0.9866,0.02614,9,0.9,0.3529,717.216,62,3.1,382.602,bursty,1
PRR,ARM-like,10,83.7531,111.8943,50.8166,0.9908,0.03521,6,0.6,0.2535,534.682,31,1.55,284.032,bursty,2
PRM,ARM-like,10,80.9225,109.0637,78.7849,0.9908,0.03521,5,0.5,0.2223,534.682,11,0.55,284.032,bursty,2
Contextual Bandit RL,ARM-like,10,160.8284,188.9696,45.8719,0.9908,0.03521,9,0.9,0.1862,534.682,39,1.95,284.032,bursty,2
Proposed Hybrid,ARM-like,10,91.4614,119.6025,40.939,0.9908,0.03521,8,0.8,0.4469,534.682,35,1.75,284.032,bursty,2
PRR,ARM-like,10,134.0207,168.1889,90.7125,0.9975,0.02919,9,0.9,0.2007,649.196,37,1.85,342.542,bursty,3
PRM,ARM-like,10,148.0842,182.2525,116.8195,0.9975,0.02919,7,0.7,0.2023,649.196,11,0.55,342.542,bursty,3
Contextual Bandit RL,ARM-like,10,182.5642,216.7325,33.3454,0.9975,0.02919,9,0.9,0.3433,649.196,50,2.5,342.542,bursty,3
Proposed Hybrid,ARM-like,10,147.6666,181.8348,43.8431,0.9975,0.02919,9,0.9,0.2845,649.196,61,3.05,342.542,bursty,3
PRR,ARM-like,10,120.3367,153.6955,109.9249,0.9725,0.02915,8,0.8,0.5792,633.818,32,1.6,343.018,bursty,4
PRM,ARM-like,10,140.0802,173.4391,140.0802,0.9725,0.02915,7,0.7,0.1224,633.818,9,0.45,343.018,bursty,4
Contextual Bandit RL,ARM-like,10,189.7414,223.1002,55.4132,0.9725,0.02915,9,0.9,0.2698,633.818,60,3.0,343.018,bursty,4
Proposed Hybrid,ARM-like,10,168.6202,201.9791,44.0332,0.9725,0.02915,9,0.9,0.1707,633.818,54,2.7,343.018,bursty,4
PRR,ARM-like,10,122.9009,155.2609,101.1951,0.9757,0.03015,8,0.8,0.2686,614.84,25,1.25,331.65,bursty,5
PRM,ARM-like,10,96.7421,129.1021,90.9198,0.9757,0.03015,7,0.7,0.3203,614.84,11,0.55,331.65,bursty,5
Contextual Bandit RL,ARM-like,10,158.8562,191.2162,21.4939,0.9757,0.03015,9,0.9,0.152,614.84,60,3.0,331.65,bursty,5
Proposed Hybrid,ARM-like,10,172.3904,204.7504,38.6809,0.9757,0.03015,10,1.0,0.3955,614.84,62,3.1,331.65,bursty,5
PRR,ARM-like,10,49.281,70.9586,43.0198,0.9725,0.04486,6,0.6,0.3048,370.688,21,1.05,222.916,mixed,1
PRM,ARM-like,10,59.481,81.1586,54.8422,0.9725,0.04486,6,0.6,0.2979,370.688,10,0.5,222.916,mixed,1
Contextual Bandit RL,ARM-like,10,50.7034,72.381,21.621,0.9725,0.04486,7,0.7,0.2124,370.688,22,1.1,222.916,mixed,1
Proposed Hybrid,ARM-like,10,54.9986,76.6763,35.0928,0.9725,0.04486,6,0.6,0.2988,370.688,19,0.95,222.916,mixed,1
PRR,ARM-like,10,58.9854,75.9148,55.0619,0.9818,0.05799,8,0.8,0.2506,289.493,15,0.75,172.434,mixed,2
PRM,ARM-like,10,47.7536,64.6831,41.0207,0.9818,0.05799,7,0.7,0.3161,289.493,12,0.6,172.434,mixed,2
Contextual Bandit RL,ARM-like,10,36.0278,52.9572,24.7619,0.9818,0.05799,7,0.7,0.2938,289.493,15,0.75,172.434,mixed,2
Proposed Hybrid,ARM-like,10,39.6631,56.5925,35.0431,0.9818,0.05799,8,0.8,0.5133,289.493,15,0.75,172.434,mixed,2
PRR,ARM-like,10,66.2801,88.886,45.7025,0.9955,0.04404,4,0.4,0.3098,386.561,15,0.75,227.089,mixed,3
PRM,ARM-like,10,55.4731,78.0789,36.046,0.9955,0.04404,5,0.5,0.3081,386.561,10,0.5,227.089,mixed,3
Contextual Bandit RL,ARM-like,10,63.6895,86.2954,40.8531,0.9955,0.04404,6,0.6,0.2873,386.561,18,0.9,227.089,mixed,3
Proposed Hybrid,ARM-like,10,51.0966,73.7025,29.4142,0.9955,0.04404,6,0.6,0.2888,386.561,26,1.3,227.089,mixed,3
PRR,ARM-like,10,27.0772,38.1866,21.1595,0.9075,0.08169,6,0.6,0.3202,189.971,17,0.85,122.414,mixed,4
PRM,ARM-like,10,32.8031,43.9125,23.9889,0.9075,0.08169,6,0.6,0.2571,189.971,11,0.55,122.414,mixed,4
Contextual Bandit RL,ARM-like,10,45.8289,56.9384,11.0854,0.9075,0.08169,9,0.9,0.6268,189.971,21,1.05,122.414,mixed,4
Proposed Hybrid,ARM-like,10,31.1219,42.2313,18.9854,0.9075,0.08169,9,0.9,0.9389,189.971,18,0.9,122.414,mixed,4
PRR,ARM-like,10,54.3817,71.9099,46.8041,0.9478,0.05407,7,0.7,0.3041,299.733,16,0.8,184.942,mixed,5
PRM,ARM-like,10,57.3605,74.8888,55.1441,0.9478,0.05407,7,0.7,0.3478,299.733,11,0.55,184.942,mixed,5
Contextual Bandit RL,ARM-like,10,67.9699,85.4982,37.897,0.9478,0.05407,7,0.7,0.1585,299.733,25,1.25,184.942,mixed,5
Proposed Hybrid,ARM-like,10,45.8088,63.337,33.2699,0.9478,0.05407,7,0.7,0.4358,299.733,22,1.1,184.942,mixed,5
PRR,ARM-like,20,0.6042,7.1578,0.6042,0.6283,0.09587,1,0.05,0.8787,124.517,19,0.95,208.608,light,1
PRM,ARM-like,20,0.6042,7.1578,0.6042,0.6283,0.09587,1,0.05,0.8787,124.517,19,0.95,208.608,light,1
Contextual Bandit RL,ARM-like,20,0.6042,7.1578,0.6042,0.6283,0.09587,1,0.05,0.8787,124.517,19,0.95,208.608,light,1
Proposed Hybrid,ARM-like,20,0.6042,7.1578,0.6042,0.6283,0.09587,1,0.05,0.8787,124.517,19,0.95,208.608,light,1
PRR,ARM-like,20,0.3029,6.3082,0.3029,0.5874,0.09782,1,0.05,0.945,114.101,19,0.95,204.462,light,2
PRM,ARM-like,20,0.3029,6.3082,0.3029,0.5874,0.09782,1,0.05,0.945,114.101,19,0.95,204.462,light,2
Contextual Bandit RL,ARM-like,20,0.3029,6.3082,0.3029,0.5874,0.09782,1,0.05,0.945,114.101,19,0.95,204.462,light,2
Proposed Hybrid,ARM-like,20,0.3029,6.3082,0.3029,0.5874,0.09782,1,0.05,0.945,114.101,19,0.95,204.462,light,2
PRR,ARM-like,20,0.0974,6.2274,0.0974,0.5917,0.09653,1,0.05,0.9763,116.47,19,0.95,207.19,light,3
PRM,ARM-like,20,0.0974,6.2274,0.0974,0.5917,0.09653,1,0.05,0.9763,116.47,19,0.95,207.19,light,3
Contextual Bandit RL,ARM-like,20,0.0974,6.2274,0.0974,0.5917,0.09653,1,0.05,0.9763,116.47,19,0.95,207.19,light,3
Proposed Hybrid,ARM-like,20,0.0974,6.2274,0.0974,0.5917,0.09653,1,0.05,0.9763,116.47,19,0.95,207.19,light,3
PRR,ARM-like,20,0.0154,5.8583,0.0154,0.5054,0.0865,0,0.0,0.9973,111.016,19,0.95,231.216,light,4
PRM,ARM-like,20,0.0154,5.8583,0.0154,0.5054,0.0865,0,0.0,0.9973,111.016,19,0.95,231.216,light,4
Contextual Bandit RL,ARM-like,20,0.0154,5.8583,0.0154,0.5054,0.0865,0,0.0,0.9973,111.016,19,0.95,231.216,light,4
Proposed Hybrid,ARM-like,20,0.0154,5.8583,0.0154,0.5054,0.0865,0,0.0,0.9973,111.016,19,0.95,231.216,light,4
PRR,ARM-like,20,0.0035,6.2076,0.0035,0.546,0.08801,0,0.0,0.9998,117.878,19,0.95,227.238,light,5
PRM,ARM-like,20,0.0035,6.2076,0.0035,0.546,0.08801,0,0.0,0.9998,117.878,19,0.95,227.238,light,5
Contextual Bandit RL,ARM-like,20,0.0035,6.2076,0.0035,0.546,0.08801,0,0.0,0.9998,117.878,19,0.95,227.238,light,5
Proposed Hybrid,ARM-like,20,0.0035,6.2076,0.0035,0.546,0.08801,0,0.0,0.9998,117.878,19,0.95,227.238,light,5
PRR,ARM-like,20,130.8392,147.2239,88.0339,0.9848,0.0601,16,0.8,0.2283,466.964,52,2.6,332.764,normal,1
PRM,ARM-like,20,118.9227,135.3074,78.5609,0.9848,0.0601,15,0.75,0.2815,466.964,25,1.25,332.764,normal,1
Contextual Bandit RL,ARM-like,20,183.3033,199.688,39.868,0.9848,0.0601,19,0.95,0.2094,466.964,68,3.4,332.764,normal,1
Proposed Hybrid,ARM-like,20,148.4362,164.8209,89.838,0.9848,0.0601,20,1.0,0.4626,466.964,68,3.4,332.764,normal,1
PRR,ARM-like,20,90.4009,105.4162,60.8286,0.9883,0.06582,12,0.6,0.2637,427.936,47,2.35,303.876,normal,2
PRM,ARM-like,20,86.9821,101.9974,75.0368,0.9883,0.06582,14,0.7,0.2602,427.936,25,1.25,303.876,normal,2
Contextual Bandit RL,ARM-like,20,113.5574,128.5727,42.5821,0.9883,0.06582,16,0.8,0.1809,427.936,54,2.7,303.876,normal,2
Proposed Hybrid,ARM-like,20,92.8421,107.8574,65.6233,0.9883,0.06582,14,0.7,0.4046,427.936,49,2.45,303.876,normal,2
PRR,ARM-like,20,110.4954,125.8207,83.7231,0.9919,0.06472,18,0.9,0.2983,436.771,58,2.9,309.016,normal,3
PRM,ARM-like,20,104.8331,120.1584,96.3601,0.9919,0.06472,16,0.8,0.1584,436.771,21,1.05,309.016,normal,3
Contextual Bandit RL,ARM-like,20,168.9119,184.2372,26.4013,0.9919,0.06472,18,0.9,0.1377,436.771,63,3.15,309.016,normal,3
Proposed Hybrid,ARM-like,20,122.6848,138.0101,71.6872,0.9919,0.06472,18,0.9,0.3155,436.771,62,3.1,309.016,normal,3
PRR,ARM-like,20,88.7866,103.3966,75.9795,0.9745,0.0667,15,0.75,0.4197,416.385,50,2.5,299.86,normal,4
PRM,ARM-like,20,99.4531,114.0631,89.2301,0.9745,0.0667,14,0.7,0.2059,416.385,23,1.15,299.86,normal,4
Contextual Bandit RL,ARM-like,20,122.0378,136.6478,60.1025,0.9745,0.0667,17,0.85,0.2495,416.385,55,2.75,299.86,normal,4
Proposed Hybrid,ARM-like,20,123.6148,138.2248,66.3631,0.9745,0.0667,18,0.9,0.0823,416.385,56,2.8,299.86,normal,4
PRR,ARM-like,20,102.0794,117.5906,82.1694,0.9785,0.06308,15,0.75,0.2716,442.069,47,2.35,317.054,normal,5
PRM,ARM-like,20,95.0635,110.5747,82.0335,0.9785,0.06308,14,0.7,0.2323,442.069,25,1.25,317.054,normal,5
Contextual Bandit RL,ARM-like,20,142.8206,158.3318,38.5418,0.9785,0.06308,18,0.9,0.1334,442.069,61,3.05,317.054,normal,5
Proposed Hybrid,ARM-like,20,123.2882,138.7994,58.6159,0.9785,0.06308,17,0.85,0.1788,442.069,61,3.05,317.054,normal,5
PRR,ARM-like,20,513.6313,565.1689,394.2371,0.997,0.01935,19,0.95,0.5054,2448.038,171,8.55,1033.803,cpu_heavy,1
PRM,ARM-like,20,455.503,507.0407,371.9589,0.997,0.01935,18,0.9,0.0845,2448.038,23,1.15,1033.803,cpu_heavy,1
Contextual Bandit RL,ARM-like,20,768.5754,820.113,101.8742,0.997,0.01935,19,0.95,0.1043,2448.038,209,10.45,1033.803,cpu_heavy,1
Proposed Hybrid,ARM-like,20,699.8542,751.3919,209.7071,0.997,0.01935,20,1.0,0.4786,2448.038,196,9.8,1033.803,cpu_heavy,1
PRR,ARM-like,20,442.6168,490.4992,363.9945,0.9979,0.02084,19,0.95,0.0627,2274.412,165,8.25,959.697,cpu_heavy,2
PRM,ARM-like,20,404.7674,452.6498,399.7904,0.9979,0.02084,18,0.9,0.1082,2274.412,21,1.05,959.697,cpu_heavy,2
Contextual Bandit RL,ARM-like,20,671.3374,719.2198,160.8362,0.9979,0.02084,19,0.95,0.054,2274.412,187,9.35,959.697,cpu_heavy,2
Proposed Hybrid,ARM-like,20,627.2651,675.1474,142.5492,0.9979,0.02084,19,0.95,0.1384,2274.412,194,9.7,959.697,cpu_heavy,2
PRR,ARM-like,20,468.8417,517.5488,373.1123,0.9986,0.0205,18,0.9,0.1164,2313.585,162,8.1,975.481,cpu_heavy,3
PRM,ARM-like,20,449.9699,498.677,429.7458,0.9986,0.0205,18,0.9,0.0775,2313.585,20,1.0,975.481,cpu_heavy,3
Contextual Bandit RL,ARM-like,20,678.6141,727.3211,151.077,0.9986,0.0205,19,0.95,0.1108,2313.585,182,9.1,975.481,cpu_heavy,3
Proposed Hybrid,ARM-like,20,635.3076,684.0146,153.2323,0.9986,0.0205,19,0.95,0.1885,2313.585,193,9.65,975.481,cpu_heavy,3
PRR,ARM-like,20,425.3797,472.1797,368.3638,0.9949,0.02126,19,0.95,0.478,2223.0,161,8.05,940.77,cpu_heavy,4
PRM,ARM-like,20,436.2944,483.0944,433.6662,0.9949,0.02126,18,0.9,0.0934,2223.0,20,1.0,940.77,cpu_heavy,4
Contextual Bandit RL,ARM-like,20,705.0685,751.8685,189.4915,0.9949,0.02126,20,1.0,0.0856,2223.0,185,9.25,940.77,cpu_heavy,4
Proposed Hybrid,ARM-like,20,622.9997,669.7997,124.3991,0.9949,0.02126,19,0.95,0.1792,2223.0,182,9.1,940.77,cpu_heavy,4
PRR,ARM-like,20,465.7094,514.9152,361.9623,0.9957,0.02024,17,0.85,0.1599,2337.279,162,8.1,988.338,cpu_heavy,5
PRM,ARM-like,20,434.1417,483.3476,410.9176,0.9957,0.02024,18,0.9,0.0705,2337.279,22,1.1,988.338,cpu_heavy,5
Contextual Bandit RL,ARM-like,20,785.5705,834.7764,75.6694,0.9957,0.02024,20,1.0,0.1894,2337.279,201,10.05,988.338,cpu_heavy,5
Proposed Hybrid,ARM-like,20,624.2664,673.4723,140.4241,0.9957,0.02024,19,0.95,0.2139,2337.279,196,9.8,988.338,cpu_heavy,5
PRR,ARM-like,20,337.0207,372.9831,267.5948,0.9929,0.02761,18,0.9,0.4759,1366.569,102,5.1,724.367,bursty,1
PRM,ARM-like,20,289.2713,325.2336,234.3301,0.9929,0.02761,17,0.85,0.1103,1366.569,23,1.15,724.367,bursty,1
Contextual Bandit RL,ARM-like,20,456.9707,492.9331,100.4801,0.9929,0.02761,18,0.9,0.1174,1366.569,132,6.6,724.367,bursty,1
Proposed Hybrid,ARM-like,20,370.486,406.4484,194.6331,0.9929,0.02761,19,0.95,0.2498,1366.569,115,5.75,724.367,bursty,1
PRR,ARM-like,20,236.7564,268.3323,163.7517,0.9959,0.03154,17,0.85,0.1283,1199.884,102,5.1,634.138,bursty,2
PRM,ARM-like,20,220.2881,251.864,208.7493,0.9959,0.03154,15,0.75,0.1988,1199.884,24,1.2,634.138,bursty,2
Contextual Bandit RL,ARM-like,20,343.9829,375.5587,132.7246,0.9959,0.03154,20,1.0,0.1991,1199.884,116,5.8,634.138,bursty,2
Proposed Hybrid,ARM-like,20,282.6346,314.2105,89.8993,0.9959,0.03154,17,0.85,0.132,1199.884,119,5.95,634.138,bursty,2
PRR,ARM-like,20,282.0537,314.6213,225.7025,0.9987,0.03066,18,0.9,0.1544,1237.571,95,4.75,652.213,bursty,3
PRM,ARM-like,20,279.0949,311.6625,260.219,0.9987,0.03066,17,0.85,0.1062,1237.571,21,1.05,652.213,bursty,3
Contextual Bandit RL,ARM-like,20,381.9178,414.4854,61.3413,0.9987,0.03066,18,0.9,0.1073,1237.571,121,6.05,652.213,bursty,3
Proposed Hybrid,ARM-like,20,334.0207,366.5884,100.0084,0.9987,0.03066,19,0.95,0.2065,1237.571,130,6.5,652.213,bursty,3
PRR,ARM-like,20,227.1446,257.424,199.7364,0.9847,0.03252,18,0.9,0.3444,1150.618,97,4.85,615.018,bursty,4
PRM,ARM-like,20,261.4999,291.7793,258.6546,0.9847,0.03252,16,0.8,0.1126,1150.618,21,1.05,615.018,bursty,4
Contextual Bandit RL,ARM-like,20,368.104,398.3834,57.2517,0.9847,0.03252,18,0.9,0.1386,1150.618,122,6.1,615.018,bursty,4
Proposed Hybrid,ARM-like,20,297.3176,327.597,131.6129,0.9847,0.03252,19,0.95,0.1453,1150.618,113,5.65,615.018,bursty,4
PRR,ARM-like,20,271.3516,304.5157,212.2657,0.988,0.02979,15,0.75,0.2375,1260.236,100,5.0,671.332,bursty,5
PRM,ARM-like,20,245.494,278.6581,231.8187,0.988,0.02979,15,0.75,0.1892,1260.236,23,1.15,671.332,bursty,5
Contextual Bandit RL,ARM-like,20,391.7251,424.8893,53.9204,0.988,0.02979,18,0.9,0.0992,1260.236,130,6.5,671.332,bursty,5
Proposed Hybrid,ARM-like,20,344.2087,377.3728,120.9422,0.988,0.02979,20,1.0,0.2129,1260.236,134,6.7,671.332,bursty,5
PRR,ARM-like,20,136.5051,159.7704,110.1699,0.987,0.04242,16,0.8,0.1557,795.673,72,3.6,471.446,mixed,1
PRM,ARM-like,20,174.7069,197.9722,166.1328,0.987,0.04242,15,0.75,0.1722,795.673,21,1.05,471.446,mixed,1
Contextual Bandit RL,ARM-like,20,163.6163,186.8816,58.2928,0.987,0.04242,15,0.75,0.1839,795.673,57,2.85,471.446,mixed,1
Proposed Hybrid,ARM-like,20,135.2687,158.534,90.5246,0.987,0.04242,16,0.8,0.1887,795.673,55,2.75,471.446,mixed,1
PRR,ARM-like,20,96.1113,110.0284,87.8654,0.9888,0.07105,17,0.85,0.2053,475.963,40,2.0,281.481,mixed,2
PRM,ARM-like,20,76.5848,90.5019,63.1507,0.9888,0.07105,15,0.75,0.2699,475.963,25,1.25,281.481,mixed,2
Contextual Bandit RL,ARM-like,20,74.5307,88.4478,49.4672,0.9888,0.07105,14,0.7,0.2164,475.963,46,2.3,281.481,mixed,2
Proposed Hybrid,ARM-like,20,89.5631,103.4801,69.7472,0.9888,0.07105,18,0.9,0.2497,475.963,33,1.65,281.481,mixed,2
PRR,ARM-like,20,127.1219,148.1689,92.3213,0.9976,0.0474,15,0.75,0.2135,719.809,53,2.65,421.971,mixed,3
PRM,ARM-like,20,111.593,132.6401,88.4513,0.9976,0.0474,14,0.7,0.2067,719.809,22,1.1,421.971,mixed,3
Contextual Bandit RL,ARM-like,20,143.3189,164.366,68.5971,0.9976,0.0474,15,0.75,0.1915,719.809,65,3.25,421.971,mixed,3
Proposed Hybrid,ARM-like,20,108.5983,129.6454,60.9119,0.9976,0.0474,16,0.8,0.1711,719.809,71,3.55,421.971,mixed,3
PRR,ARM-like,20,56.1938,66.8361,40.6391,0.9495,0.08922,14,0.7,0.2422,363.968,36,1.8,224.167,mixed,4
PRM,ARM-like,20,54.0085,64.6509,41.5997,0.9495,0.08922,13,0.65,0.2967,363.968,25,1.25,224.167,mixed,4
Contextual Bandit RL,ARM-like,20,84.7544,95.3967,21.2503,0.9495,0.08922,16,0.8,0.1978,363.968,42,2.1,224.167,mixed,4
Proposed Hybrid,ARM-like,20,55.3761,66.0185,33.882,0.9495,0.08922,18,0.9,0.6025,363.968,35,1.75,224.167,mixed,4
PRR,ARM-like,20,126.7068,146.7874,116.2821,0.9765,0.04863,15,0.75,0.2296,686.756,44,2.2,411.272,mixed,5
PRM,ARM-like,20,111.7703,131.8509,110.2538,0.9765,0.04863,14,0.7,0.294,686.756,22,1.1,411.272,mixed,5
Contextual Bandit RL,ARM-like,20,170.4962,190.5768,57.0968,0.9765,0.04863,18,0.9,0.114,686.756,66,3.3,411.272,mixed,5
Proposed Hybrid,ARM-like,20,118.5532,138.6338,59.2303,0.9765,0.04863,16,0.8,0.1979,686.756,67,3.35,411.272,mixed,5
PRR,ARM-like,50,0.4763,6.7593,0.4763,0.618,0.09835,2,0.04,0.902,298.445,49,2.45,508.377,light,1
PRM,ARM-like,50,0.4763,6.7593,0.4763,0.618,0.09835,2,0.04,0.902,298.445,49,2.45,508.377,light,1
Contextual Bandit RL,ARM-like,50,0.4763,6.7593,0.4763,0.618,0.09835,2,0.04,0.902,298.445,49,2.45,508.377,light,1
Proposed Hybrid,ARM-like,50,0.4763,6.7593,0.4763,0.618,0.09835,2,0.04,0.902,298.445,49,2.45,508.377,light,1
PRR,ARM-like,50,0.3754,7.0178,0.3754,0.6435,0.09688,1,0.02,0.928,315.512,49,2.45,516.079,light,2
PRM,ARM-like,50,0.3754,7.0178,0.3754,0.6435,0.09688,1,0.02,0.928,315.512,49,2.45,516.079,light,2
Contextual Bandit RL,ARM-like,50,0.3754,7.0178,0.3754,0.6435,0.09688,1,0.02,0.928,315.512,49,2.45,516.079,light,2
Proposed Hybrid,ARM-like,50,0.3754,7.0178,0.3754,0.6435,0.09688,1,0.02,0.928,315.512,49,2.45,516.079,light,2
PRR,ARM-like,50,0.211,6.3496,0.1054,0.6024,0.09813,2,0.04,0.9683,291.583,50,2.5,509.548,light,3
PRM,ARM-like,50,0.1668,6.3054,0.1668,0.6024,0.09813,3,0.06,0.9671,291.583,49,2.45,509.548,light,3
Contextual Bandit RL,ARM-like,50,0.1668,6.3054,0.1668,0.6024,0.09813,3,0.06,0.9671,291.583,49,2.45,509.548,light,3
Proposed Hybrid,ARM-like,50,0.1668,6.3054,0.1668,0.6024,0.09813,3,0.06,0.9671,291.583,49,2.45,509.548,light,3
PRR,ARM-like,50,0.1683,6.4121,0.1683,0.5722,0.09164,0,0.0,0.9673,296.579,49,2.45,545.638,light,4
PRM,ARM-like,50,0.1683,6.4121,0.1683,0.5722,0.09164,0,0.0,0.9673,296.579,49,2.45,545.638,light,4
Contextual Bandit RL,ARM-like,50,0.1683,6.4121,0.1683,0.5722,0.09164,0,0.0,0.9673,296.579,49,2.45,545.638,light,4
Proposed Hybrid,ARM-like,50,0.1683,6.4121,0.1683,0.5722,0.09164,0,0.0,0.9673,296.579,49,2.45,545.638,light,4
PRR,ARM-like,50,0.2975,6.394,0.2975,0.6035,0.099,2,0.04,0.9508,289.582,49,2.45,505.068,light,5
PRM,ARM-like,50,0.3966,6.493,0.2283,0.6035,0.099,3,0.06,0.9513,289.582,50,2.5,505.068,light,5
Contextual Bandit RL,ARM-like,50,0.3916,6.4881,0.2234,0.6035,0.099,3,0.06,0.9478,289.582,51,2.55,505.068,light,5
Proposed Hybrid,ARM-like,50,0.3916,6.4881,0.2283,0.6035,0.099,3,0.06,0.9446,289.582,51,2.55,505.068,light,5
PRR,ARM-like,50,292.8932,308.6004,226.8019,0.9936,0.06326,46,0.92,0.149,1119.145,172,8.6,790.435,normal,1
PRM,ARM-like,50,263.5306,279.2379,228.0226,0.9936,0.06326,40,0.8,0.2104,1119.145,59,2.95,790.435,normal,1
Contextual Bandit RL,ARM-like,50,401.3887,417.096,117.4494,0.9936,0.06326,46,0.92,0.0996,1119.145,157,7.85,790.435,normal,1
Proposed Hybrid,ARM-like,50,332.7204,348.4277,202.5059,0.9936,0.06326,46,0.92,0.2071,1119.145,149,7.45,790.435,normal,1
PRR,ARM-like,50,294.4855,311.0928,226.5175,0.9957,0.05996,38,0.76,0.178,1183.27,163,8.15,833.935,normal,2
PRM,ARM-like,50,289.8658,306.4731,270.4154,0.9957,0.05996,41,0.82,0.157,1183.27,58,2.9,833.935,normal,2
Contextual Bandit RL,ARM-like,50,367.0352,383.6425,158.3787,0.9957,0.05996,39,0.78,0.1652,1183.27,144,7.2,833.935,normal,2
Proposed Hybrid,ARM-like,50,330.3458,346.9531,179.4806,0.9957,0.05996,41,0.82,0.191,1183.27,153,7.65,833.935,normal,2
PRR,ARM-like,50,283.8961,299.2436,232.7928,0.9967,0.06494,43,0.86,0.1348,1093.511,163,8.15,769.886,normal,3
PRM,ARM-like,50,265.3545,280.702,253.6222,0.9967,0.06494,42,0.84,0.153,1093.511,61,3.05,769.886,normal,3
Contextual Bandit RL,ARM-like,50,399.2928,414.6403,105.5495,0.9967,0.06494,43,0.86,0.1554,1093.511,162,8.1,769.886,normal,3
Proposed Hybrid,ARM-like,50,318.7486,334.0961,181.8909,0.9967,0.06494,45,0.9,0.1973,1093.511,161,8.05,769.886,normal,3
PRR,ARM-like,50,252.3885,267.9976,208.0586,0.9903,0.06344,40,0.8,0.2497,1112.154,148,7.4,788.119,normal,4
PRM,ARM-like,50,255.8934,271.5026,244.2944,0.9903,0.06344,39,0.78,0.1651,1112.154,55,2.75,788.119,normal,4
Contextual Bandit RL,ARM-like,50,366.1581,381.7673,137.6805,0.9903,0.06344,40,0.8,0.1629,1112.154,157,7.85,788.119,normal,4
Proposed Hybrid,ARM-like,50,297.3972,313.0064,177.4151,0.9903,0.06344,43,0.86,0.0718,1112.154,158,7.9,788.119,normal,4
PRR,ARM-like,50,274.0569,289.2988,226.9092,0.9911,0.06503,42,0.84,0.1767,1085.984,151,7.55,768.924,normal,5
PRM,ARM-like,50,256.5228,271.7647,235.8153,0.9911,0.06503,40,0.8,0.173,1085.984,61,3.05,768.924,normal,5
Contextual Bandit RL,ARM-like,50,415.8767,431.1186,97.8129,0.9911,0.06503,46,0.92,0.1021,1085.984,161,8.05,768.924,normal,5
Proposed Hybrid,ARM-like,50,321.8866,337.1285,163.5162,0.9911,0.06503,45,0.9,0.129,1085.984,162,8.1,768.924,normal,5
PRR,ARM-like,50,1245.3956,1295.1243,1013.7267,0.9988,0.02008,50,1.0,0.4212,5905.284,533,26.65,2489.485,cpu_heavy,1
PRM,ARM-like,50,1128.3991,1178.1278,1054.1257,0.9988,0.02008,47,0.94,0.0452,5905.284,54,2.7,2489.485,cpu_heavy,1
Contextual Bandit RL,ARM-like,50,1943.3013,1993.03,356.7278,0.9988,0.02008,48,0.96,0.0584,5905.284,507,25.35,2489.485,cpu_heavy,1
Proposed Hybrid,ARM-like,50,1439.6669,1489.3956,602.2763,0.9988,0.02008,48,0.96,0.0403,5905.284,492,24.6,2489.485,cpu_heavy,1
PRR,ARM-like,50,1278.1698,1330.2992,1059.1839,0.9992,0.01917,49,0.98,0.0267,6190.368,550,27.5,2608.521,cpu_heavy,2
PRM,ARM-like,50,1229.4935,1281.6229,1217.9902,0.9992,0.01917,47,0.94,0.0439,6190.368,52,2.6,2608.521,cpu_heavy,2
Contextual Bandit RL,ARM-like,50,2099.0853,2151.2147,448.8269,0.9992,0.01917,49,0.98,0.0325,6190.368,515,25.75,2608.521,cpu_heavy,2
Proposed Hybrid,ARM-like,50,1499.3394,1551.4688,535.9891,0.9992,0.01917,48,0.96,0.0872,6190.368,530,26.5,2608.521,cpu_heavy,2
PRR,ARM-like,50,1230.7547,1279.5222,1006.8286,0.9995,0.02049,49,0.98,0.0314,5791.144,510,25.5,2439.716,cpu_heavy,3
PRM,ARM-like,50,1149.9357,1198.7032,1105.9126,0.9995,0.02049,47,0.94,0.0494,5791.144,75,3.75,2439.716,cpu_heavy,3
Contextual Bandit RL,ARM-like,50,1850.278,1899.0455,409.7797,0.9995,0.02049,47,0.94,0.0721,5791.144,491,24.55,2439.716,cpu_heavy,3
Proposed Hybrid,ARM-like,50,1567.1677,1615.9352,326.5055,0.9995,0.02049,48,0.96,0.0771,5791.144,502,25.1,2439.716,cpu_heavy,3
PRR,ARM-like,50,1174.2558,1223.7238,1000.0311,0.9981,0.02018,48,0.96,0.1534,5874.325,520,26.0,2478.17,cpu_heavy,4
PRM,ARM-like,50,1139.3838,1188.8518,1133.8749,0.9981,0.02018,46,0.92,0.0583,5874.325,51,2.55,2478.17,cpu_heavy,4
Contextual Bandit RL,ARM-like,50,1923.2398,1972.7078,414.4932,0.9981,0.02018,48,0.96,0.0401,5874.325,503,25.15,2478.17,cpu_heavy,4
Proposed Hybrid,ARM-like,50,1419.1987,1468.6667,495.6615,0.9981,0.02018,48,0.96,0.1098,5874.325,505,25.25,2478.17,cpu_heavy,4
PRR,ARM-like,50,1190.3032,1238.7912,992.3328,0.9983,0.02059,48,0.96,0.074,5757.95,519,25.95,2428.62,cpu_heavy,5
PRM,ARM-like,50,1118.6429,1167.1309,1090.3827,0.9983,0.02059,49,0.98,0.034,5757.95,67,3.35,2428.62,cpu_heavy,5
Contextual Bandit RL,ARM-like,50,1904.606,1953.094,353.4669,0.9983,0.02059,48,0.96,0.0699,5757.95,499,24.95,2428.62,cpu_heavy,5
Proposed Hybrid,ARM-like,50,1536.8575,1585.3455,431.6126,0.9983,0.02059,49,0.98,0.1075,5757.95,515,25.75,2428.62,cpu_heavy,5
PRR,ARM-like,50,764.0191,797.8113,629.448,0.997,0.0295,47,0.94,0.2159,3210.262,346,17.3,1694.732,bursty,1
PRM,ARM-like,50,680.9019,714.6941,632.6548,0.997,0.0295,43,0.86,0.1015,3210.262,55,2.75,1694.732,bursty,1
Contextual Bandit RL,ARM-like,50,1046.4657,1080.2579,309.4294,0.997,0.0295,45,0.9,0.1069,3210.262,319,15.95,1694.732,bursty,1
Proposed Hybrid,ARM-like,50,832.8958,866.688,420.1045,0.997,0.0295,48,0.96,0.091,3210.262,316,15.8,1694.732,bursty,1
PRR,ARM-like,50,780.8207,817.4927,622.5278,0.9986,0.02723,47,0.94,0.0557,3483.84,378,18.9,1836.22,bursty,2
PRM,ARM-like,50,792.9736,829.6456,764.9407,0.9986,0.02723,44,0.88,0.0998,3483.84,56,2.8,1836.22,bursty,2
Contextual Bandit RL,ARM-like,50,1078.6195,1115.2915,369.3322,0.9986,0.02723,46,0.92,0.1047,3483.84,350,17.5,1836.22,bursty,2
Proposed Hybrid,ARM-like,50,862.9744,899.6464,363.9981,0.9986,0.02723,46,0.92,0.0673,3483.84,366,18.3,1836.22,bursty,2
PRR,ARM-like,50,745.6416,778.2804,618.556,0.9995,0.03062,49,0.98,0.0754,3100.688,339,16.95,1632.801,bursty,3
PRM,ARM-like,50,712.1096,744.7484,673.1032,0.9995,0.03062,45,0.9,0.0984,3100.688,71,3.55,1632.801,bursty,3
Contextual Bandit RL,ARM-like,50,986.7621,1019.4009,232.3832,0.9995,0.03062,45,0.9,0.0701,3100.688,321,16.05,1632.801,bursty,3
Proposed Hybrid,ARM-like,50,855.3157,887.9545,341.3896,0.9995,0.03062,48,0.96,0.1129,3100.688,332,16.6,1632.801,bursty,3
PRR,ARM-like,50,671.4719,704.9523,572.1552,0.9944,0.0297,46,0.92,0.091,3180.645,334,16.7,1683.454,bursty,4
PRM,ARM-like,50,690.0698,723.5502,684.8792,0.9944,0.0297,42,0.84,0.0839,3180.645,53,2.65,1683.454,bursty,4
Contextual Bandit RL,ARM-like,50,975.1335,1008.614,245.9923,0.9944,0.0297,45,0.9,0.0991,3180.645,330,16.5,1683.454,bursty,4
Proposed Hybrid,ARM-like,50,735.609,769.0895,328.3578,0.9944,0.0297,47,0.94,0.1141,3180.645,334,16.7,1683.454,bursty,4
PRR,ARM-like,50,703.8667,736.1704,582.6892,0.995,0.0308,44,0.88,0.1409,3068.858,315,15.75,1623.238,bursty,5
PRM,ARM-like,50,658.4554,690.7591,637.0283,0.995,0.0308,43,0.86,0.1009,3068.858,54,2.7,1623.238,bursty,5
Contextual Bandit RL,ARM-like,50,926.2728,958.5765,273.177,0.995,0.0308,45,0.9,0.0792,3068.858,320,16.0,1623.238,bursty,5
Proposed Hybrid,ARM-like,50,846.2227,878.5264,343.8798,0.995,0.0308,50,1.0,0.1035,3068.858,317,15.85,1623.238,bursty,5
PRR,ARM-like,50,318.8681,338.7321,277.9194,0.9939,0.05003,44,0.88,0.1194,1698.372,193,9.65,999.34,mixed,1
PRM,ARM-like,50,378.7358,398.5998,369.0116,0.9939,0.05003,41,0.82,0.1457,1698.372,54,2.7,999.34,mixed,1
Contextual Bandit RL,ARM-like,50,375.5464,395.4104,182.801,0.9939,0.05003,41,0.82,0.1501,1698.372,171,8.55,999.34,mixed,1
Proposed Hybrid,ARM-like,50,380.8368,400.7008,249.0485,0.9939,0.05003,43,0.86,0.1198,1698.372,167,8.35,999.34,mixed,1
PRR,ARM-like,50,233.0841,248.0166,216.1712,0.9958,0.06669,43,0.86,0.2295,1276.726,120,6.0,749.764,mixed,2
PRM,ARM-like,50,221.3319,236.2644,204.0618,0.9958,0.06669,40,0.8,0.1873,1276.726,62,3.1,749.764,mixed,2
Contextual Bandit RL,ARM-like,50,202.8281,217.7606,113.9982,0.9958,0.06669,38,0.76,0.2433,1276.726,124,6.2,749.764,mixed,2
Proposed Hybrid,ARM-like,50,216.778,231.7105,149.3902,0.9958,0.06669,48,0.96,0.1508,1276.726,140,7.0,749.764,mixed,2
PRR,ARM-like,50,367.886,391.2011,295.3159,0.9991,0.04285,42,0.84,0.1351,1993.438,208,10.4,1166.783,mixed,3
PRM,ARM-like,50,406.8439,430.159,378.2545,0.9991,0.04285,42,0.84,0.129,1993.438,55,2.75,1166.783,mixed,3
Contextual Bandit RL,ARM-like,50,527.3978,550.7129,219.0065,0.9991,0.04285,41,0.82,0.1412,1993.438,211,10.55,1166.783,mixed,3
Proposed Hybrid,ARM-like,50,438.9256,462.2406,229.6997,0.9991,0.04285,45,0.9,0.0762,1993.438,219,10.95,1166.783,mixed,3
PRR,ARM-like,50,201.4754,216.5062,161.369,0.9852,0.06554,39,0.78,0.2022,1285.135,129,6.45,762.861,mixed,4
PRM,ARM-like,50,190.5241,205.5549,173.8711,0.9852,0.06554,35,0.7,0.2418,1285.135,62,3.1,762.861,mixed,4
Contextual Bandit RL,ARM-like,50,314.8867,329.9175,71.9031,0.9852,0.06554,43,0.86,0.1231,1285.135,134,6.7,762.861,mixed,4
Proposed Hybrid,ARM-like,50,196.2944,211.3253,113.7278,0.9852,0.06554,45,0.9,0.2536,1285.135,137,6.85,762.861,mixed,4
PRR,ARM-like,50,237.5104,254.5598,210.184,0.9888,0.058,39,0.78,0.2691,1457.725,124,6.2,862.131,mixed,5
PRM,ARM-like,50,225.684,242.7334,218.1694,0.9888,0.058,37,0.74,0.2774,1457.725,58,2.9,862.131,mixed,5
Contextual Bandit RL,ARM-like,50,323.8638,340.9132,80.5819,0.9888,0.058,41,0.82,0.1575,1457.725,154,7.7,862.131,mixed,5
Proposed Hybrid,ARM-like,50,249.9323,266.9817,167.7619,0.9888,0.058,45,0.9,0.1347,1457.725,158,7.9,862.131,mixed,5
PRR,ARM-like,100,0.4815,6.413,0.425,0.5817,0.09807,6,0.06,0.9116,563.495,100,5.0,1019.694,light,1
PRM,ARM-like,100,0.7502,6.6817,0.4518,0.5817,0.09807,6,0.06,0.9072,563.495,100,5.0,1019.694,light,1
Contextual Bandit RL,ARM-like,100,0.4669,6.3984,0.4669,0.5817,0.09807,6,0.06,0.9096,563.495,99,4.95,1019.694,light,1
Proposed Hybrid,ARM-like,100,0.4669,6.3984,0.4669,0.5817,0.09807,6,0.06,0.9096,563.495,99,4.95,1019.694,light,1
PRR,ARM-like,100,0.4895,6.6892,0.408,0.6155,0.09928,6,0.06,0.9226,588.966,100,5.0,1007.205,light,2
PRM,ARM-like,100,0.4687,6.6684,0.3619,0.6155,0.09928,7,0.07,0.9249,588.966,100,5.0,1007.205,light,2
Contextual Bandit RL,ARM-like,100,0.4377,6.6373,0.4377,0.6155,0.09928,7,0.07,0.9217,588.966,99,4.95,1007.205,light,2
Proposed Hybrid,ARM-like,100,0.4847,6.6844,0.4359,0.6155,0.09928,7,0.07,0.9181,588.966,101,5.05,1007.205,light,2
PRR,ARM-like,100,0.1875,6.1397,0.1346,0.584,0.09812,3,0.03,0.967,565.462,100,5.0,1019.178,light,3
PRM,ARM-like,100,0.1653,6.1176,0.1653,0.584,0.09812,4,0.04,0.9664,565.462,99,4.95,1019.178,light,3
Contextual Bandit RL,ARM-like,100,0.1653,6.1176,0.1653,0.584,0.09812,4,0.04,0.9664,565.462,99,4.95,1019.178,light,3
Proposed Hybrid,ARM-like,100,0.1653,6.1176,0.1653,0.584,0.09812,4,0.04,0.9664,565.462,99,4.95,1019.178,light,3
PRR,ARM-like,100,0.1977,6.4961,0.1977,0.5889,0.0935,1,0.01,0.9604,598.344,99,4.95,1069.462,light,4
PRM,ARM-like,100,0.1977,6.4961,0.1977,0.5889,0.0935,1,0.01,0.9604,598.344,99,4.95,1069.462,light,4
Contextual Bandit RL,ARM-like,100,0.1977,6.4961,0.1977,0.5889,0.0935,1,0.01,0.9604,598.344,99,4.95,1069.462,light,4
Proposed Hybrid,ARM-like,100,0.1977,6.4961,0.1977,0.5889,0.0935,1,0.01,0.9604,598.344,99,4.95,1069.462,light,4
PRR,ARM-like,100,0.384,6.3583,0.3132,0.6117,0.10239,4,0.04,0.9359,567.552,100,5.0,976.681,light,5
PRM,ARM-like,100,0.4335,6.4078,0.2786,0.6117,0.10239,5,0.05,0.9361,567.552,101,5.05,976.681,light,5
Contextual Bandit RL,ARM-like,100,0.3923,6.3665,0.3081,0.6117,0.10239,5,0.05,0.9346,567.552,101,5.05,976.681,light,5
Proposed Hybrid,ARM-like,100,0.3923,6.3665,0.3106,0.6117,0.10239,5,0.05,0.9329,567.552,101,5.05,976.681,light,5
PRR,ARM-like,100,524.7172,539.5464,424.4699,0.9966,0.0672,89,0.89,0.1136,2113.158,315,15.75,1487.988,normal,1
PRM,ARM-like,100,482.6641,497.4933,452.1696,0.9966,0.0672,83,0.83,0.1599,2113.158,114,5.7,1487.988,normal,1
Contextual Bandit RL,ARM-like,100,687.225,702.0541,290.0301,0.9966,0.0672,83,0.83,0.1562,2113.158,285,14.25,1487.988,normal,1
Proposed Hybrid,ARM-like,100,616.3077,631.1368,395.8658,0.9966,0.0672,96,0.96,0.1215,2113.158,299,14.95,1487.988,normal,1
PRR,ARM-like,100,557.6408,573.1427,446.9685,0.9977,0.06436,82,0.82,0.1363,2209.018,333,16.65,1553.758,normal,2
PRM,ARM-like,100,536.8935,552.3954,515.8951,0.9977,0.06436,86,0.86,0.1429,2209.018,116,5.8,1553.758,normal,2
Contextual Bandit RL,ARM-like,100,733.8912,749.3931,308.6845,0.9977,0.06436,83,0.83,0.1488,2209.018,293,14.65,1553.758,normal,2
Proposed Hybrid,ARM-like,100,646.0084,661.5102,384.4414,0.9977,0.06436,87,0.87,0.114,2209.018,304,15.2,1553.758,normal,2
PRR,ARM-like,100,542.4402,557.3211,452.5867,0.9983,0.06709,88,0.88,0.1089,2120.534,329,16.45,1490.604,normal,3
PRM,ARM-like,100,503.456,518.3369,490.5211,0.9983,0.06709,83,0.83,0.1506,2120.534,120,6.0,1490.604,normal,3
Contextual Bandit RL,ARM-like,100,725.3356,740.2165,245.9811,0.9983,0.06709,85,0.85,0.1767,2120.534,306,15.3,1490.604,normal,3
Proposed Hybrid,ARM-like,100,603.5196,618.4005,383.0835,0.9983,0.06709,93,0.93,0.0862,2120.534,320,16.0,1490.604,normal,3
PRR,ARM-like,100,553.7212,569.4669,466.7996,0.9952,0.0632,87,0.87,0.1815,2243.755,329,16.45,1582.225,normal,4
PRM,ARM-like,100,532.9508,548.6964,513.805,0.9952,0.0632,81,0.81,0.1556,2243.755,114,5.7,1582.225,normal,4
Contextual Bandit RL,ARM-like,100,690.5414,706.287,274.9503,0.9952,0.0632,80,0.8,0.163,2243.755,302,15.1,1582.225,normal,4
Proposed Hybrid,ARM-like,100,607.7861,623.5317,383.6207,0.9952,0.0632,88,0.88,0.0607,2243.755,318,15.9,1582.225,normal,4
PRR,ARM-like,100,543.0806,558.0172,457.7942,0.9954,0.06664,88,0.88,0.1445,2128.464,316,15.8,1500.489,normal,5
PRM,ARM-like,100,513.474,528.4106,496.0293,0.9954,0.06664,85,0.85,0.1319,2128.464,115,5.75,1500.489,normal,5
Contextual Bandit RL,ARM-like,100,742.3565,757.293,259.5397,0.9954,0.06664,91,0.91,0.0975,2128.464,312,15.6,1500.489,normal,5
Proposed Hybrid,ARM-like,100,607.4556,622.3922,386.7181,0.9954,0.06664,92,0.92,0.1022,2128.464,315,15.75,1500.489,normal,5
PRR,ARM-like,100,2332.9421,2380.3301,1950.3412,0.9994,0.02109,100,1.0,0.3342,11254.65,1044,52.2,4741.85,cpu_heavy,1
PRM,ARM-like,100,2166.3188,2213.7068,2095.1678,0.9994,0.02109,97,0.97,0.0206,11254.65,106,5.3,4741.85,cpu_heavy,1
Contextual Bandit RL,ARM-like,100,3741.633,3789.021,923.8452,0.9994,0.02109,95,0.95,0.0516,11254.65,957,47.85,4741.85,cpu_heavy,1
Proposed Hybrid,ARM-like,100,2789.3693,2836.7573,1200.3795,0.9994,0.02109,98,0.98,0.021,11254.65,977,48.85,4741.85,cpu_heavy,1
PRR,ARM-like,100,2434.2796,2483.4602,2046.3315,0.9996,0.02032,99,0.99,0.0146,11680.39,1073,53.65,4920.109,cpu_heavy,2
PRM,ARM-like,100,2311.3095,2360.4901,2303.5038,0.9996,0.02032,96,0.96,0.031,11680.39,107,5.35,4920.109,cpu_heavy,2
Contextual Bandit RL,ARM-like,100,4044.304,4093.4846,865.3485,0.9996,0.02032,97,0.97,0.0336,11680.39,999,49.95,4920.109,cpu_heavy,2
Proposed Hybrid,ARM-like,100,2789.1222,2838.3028,1343.7799,0.9996,0.02032,97,0.97,0.0374,11680.39,996,49.8,4920.109,cpu_heavy,2
PRR,ARM-like,100,2399.4509,2446.9758,1994.6775,0.9997,0.02104,99,0.99,0.0172,11287.146,1041,52.05,4753.822,cpu_heavy,3
PRM,ARM-like,100,2253.3303,2300.8552,2206.7096,0.9997,0.02104,96,0.96,0.0361,11287.146,147,7.35,4753.822,cpu_heavy,3
Contextual Bandit RL,ARM-like,100,3790.4782,3838.003,861.3849,0.9997,0.02104,95,0.95,0.0612,11287.146,979,48.95,4753.822,cpu_heavy,3
Proposed Hybrid,ARM-like,100,2725.0126,2772.5374,1240.6503,0.9997,0.02104,97,0.97,0.0552,11287.146,990,49.5,4753.822,cpu_heavy,3
PRR,ARM-like,100,2487.5402,2537.3722,2133.7172,0.999,0.02005,99,0.99,0.1278,11835.1,1097,54.85,4987.97,cpu_heavy,4
PRM,ARM-like,100,2354.4577,2404.2897,2341.8781,0.999,0.02005,96,0.96,0.0315,11835.1,104,5.2,4987.97,cpu_heavy,4
Contextual Bandit RL,ARM-like,100,3764.6431,3814.4751,1048.8517,0.999,0.02005,95,0.95,0.0531,11835.1,1018,50.9,4987.97,cpu_heavy,4
Proposed Hybrid,ARM-like,100,2786.5518,2836.3838,1235.3819,0.999,0.02005,97,0.97,0.0273,11835.1,1044,52.2,4987.97,cpu_heavy,4
PRR,ARM-like,100,2363.5635,2411.2368,1990.5419,0.9991,0.02096,98,0.98,0.0398,11322.407,1046,52.3,4771.549,cpu_heavy,5
PRM,ARM-like,100,2245.908,2293.5813,2224.0691,0.9991,0.02096,98,0.98,0.0255,11322.407,118,5.9,4771.549,cpu_heavy,5
Contextual Bandit RL,ARM-like,100,3774.7363,3822.4096,903.2218,0.9991,0.02096,96,0.96,0.0374,11322.407,980,49.0,4771.549,cpu_heavy,5
Proposed Hybrid,ARM-like,100,2765.2941,2812.9674,1174.6166,0.9991,0.02096,99,0.99,0.0699,11322.407,1007,50.35,4771.549,cpu_heavy,5
PRR,ARM-like,100,1326.1506,1357.1336,1131.3329,0.9984,0.03222,93,0.93,0.0546,5886.759,656,32.8,3103.414,bursty,1
PRM,ARM-like,100,1246.3942,1277.3771,1202.2363,0.9984,0.03222,89,0.89,0.0806,5886.759,108,5.4,3103.414,bursty,1
Contextual Bandit RL,ARM-like,100,1914.047,1945.0299,615.0949,0.9984,0.03222,88,0.88,0.0808,5886.759,599,29.95,3103.414,bursty,1
Proposed Hybrid,ARM-like,100,1614.8146,1645.7976,828.4556,0.9984,0.03222,98,0.98,0.0519,5886.759,620,31.0,3103.414,bursty,1
PRR,ARM-like,100,1431.2024,1464.3367,1195.0531,0.9992,0.03016,95,0.95,0.0443,6295.505,725,36.25,3316.044,bursty,2
PRM,ARM-like,100,1422.5843,1455.7185,1398.372,0.9992,0.03016,92,0.92,0.0653,6295.505,109,5.45,3316.044,bursty,2
Contextual Bandit RL,ARM-like,100,2023.0925,2056.2268,678.1162,0.9992,0.03016,92,0.92,0.0825,6295.505,647,32.35,3316.044,bursty,2
Proposed Hybrid,ARM-like,100,1684.546,1717.6802,862.1715,0.9992,0.03016,96,0.96,0.0352,6295.505,671,33.55,3316.044,bursty,2
PRR,ARM-like,100,1401.4033,1432.5508,1181.8182,0.9997,0.0321,94,0.94,0.0771,5918.031,673,33.65,3115.613,bursty,3
PRM,ARM-like,100,1351.3823,1382.5299,1312.4941,0.9997,0.0321,93,0.93,0.0721,5918.031,138,6.9,3115.613,bursty,3
Contextual Bandit RL,ARM-like,100,1698.5076,1729.6551,605.5782,0.9997,0.0321,89,0.89,0.0806,5918.031,622,31.1,3115.613,bursty,3
Proposed Hybrid,ARM-like,100,1544.7922,1575.9397,887.4186,0.9997,0.0321,98,0.98,0.0651,5918.031,636,31.8,3115.613,bursty,3
PRR,ARM-like,100,1488.4265,1522.3426,1303.0691,0.9972,0.0294,97,0.97,0.0574,6444.062,751,37.55,3401.042,bursty,4
PRM,ARM-like,100,1452.9138,1486.8299,1444.925,0.9972,0.0294,88,0.88,0.0715,6444.062,108,5.4,3401.042,bursty,4
Contextual Bandit RL,ARM-like,100,2039.2006,2073.1167,503.6865,0.9972,0.0294,91,0.91,0.0903,6444.062,671,33.55,3401.042,bursty,4
Proposed Hybrid,ARM-like,100,1576.7637,1610.6798,856.461,0.9972,0.0294,97,0.97,0.0613,6444.062,688,34.4,3401.042,bursty,4
PRR,ARM-like,100,1376.6136,1407.9394,1169.8774,0.9974,0.03184,92,0.92,0.0568,5951.895,654,32.7,3140.626,bursty,5
PRM,ARM-like,100,1338.8223,1370.1481,1321.0307,0.9974,0.03184,92,0.92,0.0694,5951.895,105,5.25,3140.626,bursty,5
Contextual Bandit RL,ARM-like,100,1639.1051,1670.4308,717.3252,0.9974,0.03184,90,0.9,0.0723,5951.895,609,30.45,3140.626,bursty,5
Proposed Hybrid,ARM-like,100,1543.4621,1574.7879,806.2318,0.9974,0.03184,100,1.0,0.0626,5951.895,639,31.95,3140.626,bursty,5
PRR,ARM-like,100,722.3283,742.9991,654.3469,0.997,0.04823,92,0.92,0.0953,3534.711,422,21.1,2073.222,mixed,1
PRM,ARM-like,100,786.0195,806.6903,765.7161,0.997,0.04823,85,0.85,0.1414,3534.711,112,5.6,2073.222,mixed,1
Contextual Bandit RL,ARM-like,100,772.8509,793.5217,457.6871,0.997,0.04823,80,0.8,0.1406,3534.711,343,17.15,2073.222,mixed,1
Proposed Hybrid,ARM-like,100,728.5548,749.2256,520.3465,0.997,0.04823,93,0.93,0.0656,3534.711,383,19.15,2073.222,mixed,1
PRR,ARM-like,100,539.0211,556.3904,488.4931,0.9982,0.05747,85,0.85,0.1887,2970.149,353,17.65,1740.069,mixed,2
PRM,ARM-like,100,560.222,577.5913,536.2864,0.9982,0.05747,83,0.83,0.1648,2970.149,119,5.95,1740.069,mixed,2
Contextual Bandit RL,ARM-like,100,597.8511,615.2204,266.2544,0.9982,0.05747,81,0.81,0.1744,2970.149,316,15.8,1740.069,mixed,2
Proposed Hybrid,ARM-like,100,593.557,610.9263,347.095,0.9982,0.05747,97,0.97,0.0962,2970.149,341,17.05,1740.069,mixed,2
PRR,ARM-like,100,560.0509,578.8141,470.1887,0.9995,0.05327,86,0.86,0.1315,3208.503,369,18.45,1877.348,mixed,3
PRM,ARM-like,100,653.813,672.5762,629.3277,0.9995,0.05327,85,0.85,0.1357,3208.503,113,5.65,1877.348,mixed,3
Contextual Bandit RL,ARM-like,100,729.9237,748.6869,295.8985,0.9995,0.05327,76,0.76,0.1998,3208.503,349,17.45,1877.348,mixed,3
Proposed Hybrid,ARM-like,100,746.238,765.0011,528.6228,0.9995,0.05327,95,0.95,0.0399,3208.503,369,18.45,1877.348,mixed,3
PRR,ARM-like,100,443.3121,459.4961,377.1143,0.9931,0.06136,82,0.82,0.1729,2767.464,301,15.05,1629.72,mixed,4
PRM,ARM-like,100,450.3378,466.5218,418.1287,0.9931,0.06136,76,0.76,0.2126,2767.464,125,6.25,1629.72,mixed,4
Contextual Bandit RL,ARM-like,100,508.8348,525.0188,227.6381,0.9931,0.06136,78,0.78,0.1631,2767.464,263,13.15,1629.72,mixed,4
Proposed Hybrid,ARM-like,100,450.96,467.144,296.439,0.9931,0.06136,94,0.94,0.1081,2767.464,303,15.15,1629.72,mixed,4
PRR,ARM-like,100,465.6107,482.7694,405.469,0.9944,0.05795,81,0.81,0.2346,2934.139,315,15.75,1725.531,mixed,5
PRM,ARM-like,100,523.43,540.5887,503.1043,0.9944,0.05795,78,0.78,0.2103,2934.139,117,5.85,1725.531,mixed,5
Contextual Bandit RL,ARM-like,100,633.8679,651.0266,241.9271,0.9944,0.05795,81,0.81,0.1619,2934.139,312,15.6,1725.531,mixed,5
Proposed Hybrid,ARM-like,100,552.6804,569.8391,412.3197,0.9944,0.05795,92,0.92,0.094,2934.139,321,16.05,1725.531,mixed,5
PRR,x86-like,5,0.374,6.27,0.374,0.6815,0.11558,0,0.0,0.9232,29.48,4,0.2,43.26,light,1
PRM,x86-like,5,0.374,6.27,0.374,0.6815,0.11558,0,0.0,0.9232,29.48,4,0.2,43.26,light,1
Contextual Bandit RL,x86-like,5,0.374,6.27,0.374,0.6815,0.11558,0,0.0,0.9232,29.48,4,0.2,43.26,light,1
Proposed Hybrid,x86-like,5,0.374,6.27,0.374,0.6815,0.11558,0,0.0,0.9232,29.48,4,0.2,43.26,light,1
PRR,x86-like,5,-0.0,4.242,0.0,0.4022,0.0948,0,0.0,1.0,21.21,4,0.2,52.74,light,2
PRM,x86-like,5,-0.0,4.242,0.0,0.4022,0.0948,0,0.0,1.0,21.21,4,0.2,52.74,light,2
Contextual Bandit RL,x86-like,5,-0.0,4.242,0.0,0.4022,0.0948,0,0.0,1.0,21.21,4,0.2,52.74,light,2
Proposed Hybrid,x86-like,5,-0.0,4.242,0.0,0.4022,0.0948,0,0.0,1.0,21.21,4,0.2,52.74,light,2
PRR,x86-like,5,0.0,4.828,0.0,0.4884,0.10115,0,0.0,1.0,24.14,4,0.2,49.43,light,3
PRM,x86-like,5,0.0,4.828,0.0,0.4884,0.10115,0,0.0,1.0,24.14,4,0.2,49.43,light,3
Contextual Bandit RL,x86-like,5,0.0,4.828,0.0,0.4884,0.10115,0,0.0,1.0,24.14,4,0.2,49.43,light,3
Proposed Hybrid,x86-like,5,0.0,4.828,0.0,0.4884,0.10115,0,0.0,1.0,24.14,4,0.2,49.43,light,3
PRR,x86-like,5,0.0,5.832,0.0,0.4788,0.0821,0,0.0,1.0,29.16,4,0.2,60.9,light,4
PRM,x86-like,5,0.0,5.832,0.0,0.4788,0.0821,0,0.0,1.0,29.16,4,0.2,60.9,light,4
Contextual Bandit RL,x86-like,5,0.0,5.832,0.0,0.4788,0.0821,0,0.0,1.0,29.16,4,0.2,60.9,light,4
Proposed Hybrid,x86-like,5,0.0,5.832,0.0,0.4788,0.0821,0,0.0,1.0,29.16,4,0.2,60.9,light,4
PRR,x86-like,5,0.0,5.328,0.0,0.41,0.07695,0,0.0,1.0,26.64,4,0.2,64.98,light,5
PRM,x86-like,5,0.0,5.328,0.0,0.41,0.07695,0,0.0,1.0,26.64,4,0.2,64.98,light,5
Contextual Bandit RL,x86-like,5,0.0,5.328,0.0,0.41,0.07695,0,0.0,1.0,26.64,4,0.2,64.98,light,5
Proposed Hybrid,x86-like,5,0.0,5.328,0.0,0.41,0.07695,0,0.0,1.0,26.64,4,0.2,64.98,light,5
PRR,x86-like,5,30.234,44.976,18.078,0.9356,0.06347,4,0.8,0.3331,110.565,9,0.45,78.78,normal,1
PRM,x86-like,5,25.696,40.438,10.66,0.9356,0.06347,3,0.6,0.3859,110.565,6,0.3,78.78,normal,1
Contextual Bandit RL,x86-like,5,39.796,54.538,6.494,0.9356,0.06347,5,1.0,0.8961,110.565,15,0.75,78.78,normal,1
Proposed Hybrid,x86-like,5,35.302,50.044,20.27,0.9356,0.06347,4,0.8,0.8416,110.565,12,0.6,78.78,normal,1
PRR,x86-like,5,8.806,19.414,5.68,0.9369,0.08832,1,0.2,0.4658,79.56,6,0.3,56.61,normal,2
PRM,x86-like,5,9.13,19.738,7.566,0.9369,0.08832,1,0.2,0.6517,79.56,5,0.25,56.61,normal,2
Contextual Bandit RL,x86-like,5,10.738,21.346,3.326,0.9369,0.08832,3,0.6,0.485,79.56,11,0.55,56.61,normal,2
Proposed Hybrid,x86-like,5,9.606,20.214,6.48,0.9369,0.08832,1,0.2,0.6402,79.56,6,0.3,56.61,normal,2
PRR,x86-like,5,24.882,36.95,6.994,0.9601,0.07955,4,0.8,0.2647,90.51,10,0.5,62.85,normal,3
PRM,x86-like,5,23.118,35.186,14.638,0.9601,0.07955,3,0.6,0.5512,90.51,5,0.25,62.85,normal,3
Contextual Bandit RL,x86-like,5,22.352,34.42,2.324,0.9601,0.07955,3,0.6,0.3447,90.51,11,0.55,62.85,normal,3
Proposed Hybrid,x86-like,5,19.228,31.296,6.434,0.9601,0.07955,5,1.0,0.5928,90.51,12,0.6,62.85,normal,3
PRR,x86-like,5,17.86,32.442,16.926,0.9049,0.06206,1,0.2,0.6825,109.365,6,0.3,80.57,normal,4
PRM,x86-like,5,20.252,34.834,20.252,0.9049,0.06206,2,0.4,0.2885,109.365,4,0.2,80.57,normal,4
Contextual Bandit RL,x86-like,5,22.66,37.242,11.068,0.9049,0.06206,3,0.6,0.773,109.365,12,0.6,80.57,normal,4
Proposed Hybrid,x86-like,5,24.26,38.842,9.602,0.9049,0.06206,3,0.6,0.2602,109.365,12,0.6,80.57,normal,4
PRR,x86-like,5,19.474,32.796,7.786,0.907,0.06808,3,0.6,0.4766,99.915,7,0.35,73.44,normal,5
PRM,x86-like,5,15.226,28.548,11.818,0.907,0.06808,3,0.6,0.5276,99.915,6,0.3,73.44,normal,5
Contextual Bandit RL,x86-like,5,27.062,40.384,10.588,0.907,0.06808,5,1.0,0.4612,99.915,12,0.6,73.44,normal,5
Proposed Hybrid,x86-like,5,18.986,32.308,7.612,0.907,0.06808,3,0.6,0.397,99.915,9,0.45,73.44,normal,5
PRR,x86-like,5,95.872,141.852,55.896,0.9869,0.02146,4,0.8,0.221,574.75,20,1.0,232.95,cpu_heavy,1
PRM,x86-like,5,80.218,126.198,32.116,0.9869,0.02146,3,0.6,0.2672,574.75,6,0.3,232.95,cpu_heavy,1
Contextual Bandit RL,x86-like,5,161.012,206.992,7.134,0.9869,0.02146,5,1.0,0.9859,574.75,46,2.3,232.95,cpu_heavy,1
Proposed Hybrid,x86-like,5,128.236,174.216,15.934,0.9869,0.02146,4,0.8,0.7528,574.75,46,2.3,232.95,cpu_heavy,1
PRR,x86-like,5,54.578,89.532,49.074,0.9884,0.02828,2,0.4,0.2344,436.925,5,0.25,176.82,cpu_heavy,2
PRM,x86-like,5,57.578,92.532,52.074,0.9884,0.02828,2,0.4,0.2328,436.925,5,0.25,176.82,cpu_heavy,2
Contextual Bandit RL,x86-like,5,63.378,98.332,23.288,0.9884,0.02828,3,0.6,0.6451,436.925,16,0.8,176.82,cpu_heavy,2
Proposed Hybrid,x86-like,5,64.978,99.932,30.392,0.9884,0.02828,3,0.6,0.447,436.925,18,0.9,176.82,cpu_heavy,2
PRR,x86-like,5,80.574,119.422,28.646,0.9931,0.02556,4,0.8,0.2195,485.6,21,1.05,195.58,cpu_heavy,3
PRM,x86-like,5,83.432,122.28,56.82,0.9931,0.02556,3,0.6,0.2485,485.6,5,0.25,195.58,cpu_heavy,3
Contextual Bandit RL,x86-like,5,127.008,165.856,12.2,0.9931,0.02556,5,1.0,0.9491,485.6,34,1.7,195.58,cpu_heavy,3
Proposed Hybrid,x86-like,5,96.452,135.3,14.6,0.9931,0.02556,4,0.8,0.8132,485.6,28,1.4,195.58,cpu_heavy,3
PRR,x86-like,5,87.366,132.918,73.676,0.9795,0.0215,3,0.6,0.7658,569.4,22,1.1,232.53,cpu_heavy,4
PRM,x86-like,5,88.686,134.238,88.686,0.9795,0.0215,2,0.4,0.2202,569.4,4,0.2,232.53,cpu_heavy,4
Contextual Bandit RL,x86-like,5,92.166,137.718,46.768,0.9795,0.0215,3,0.6,0.5097,569.4,18,0.9,232.53,cpu_heavy,4
Proposed Hybrid,x86-like,5,104.966,150.518,28.262,0.9795,0.0215,3,0.6,0.5154,569.4,27,1.35,232.53,cpu_heavy,4
PRR,x86-like,5,68.596,110.786,29.434,0.9804,0.02324,3,0.6,0.2346,527.375,7,0.35,215.17,cpu_heavy,5
PRM,x86-like,5,68.21,110.4,56.456,0.9804,0.02324,3,0.6,0.2745,527.375,5,0.25,215.17,cpu_heavy,5
Contextual Bandit RL,x86-like,5,108.854,151.044,21.266,0.9804,0.02324,5,1.0,0.5171,527.375,38,1.9,215.17,cpu_heavy,5
Proposed Hybrid,x86-like,5,93.428,135.618,29.82,0.9804,0.02324,5,1.0,0.5144,527.375,24,1.2,215.17,cpu_heavy,5
PRR,x86-like,5,68.838,102.014,42.786,0.9701,0.02924,4,0.8,0.3092,331.76,12,0.6,171.0,bursty,1
PRM,x86-like,5,52.614,85.79,28.962,0.9701,0.02924,3,0.6,0.2527,331.76,5,0.25,171.0,bursty,1
Contextual Bandit RL,x86-like,5,114.204,147.38,10.83,0.9701,0.02924,5,1.0,0.9866,331.76,31,1.55,171.0,bursty,1
Proposed Hybrid,x86-like,5,89.01,122.186,20.43,0.9701,0.02924,4,0.8,0.8077,331.76,33,1.65,171.0,bursty,1
PRR,x86-like,5,18.164,38.108,15.96,0.9744,0.04886,1,0.2,0.4179,199.44,5,0.25,102.34,bursty,2
PRM,x86-like,5,21.764,41.708,19.56,0.9744,0.04886,2,0.4,0.3484,199.44,5,0.25,102.34,bursty,2
Contextual Bandit RL,x86-like,5,46.2,66.144,12.242,0.9744,0.04886,4,0.8,0.6414,199.44,14,0.7,102.34,bursty,2
Proposed Hybrid,x86-like,5,21.364,41.308,10.364,0.9744,0.04886,1,0.2,0.6799,199.44,13,0.65,102.34,bursty,2
PRR,x86-like,5,49.996,74.614,13.476,0.9931,0.04034,3,0.6,0.2359,246.18,16,0.8,123.95,bursty,3
PRM,x86-like,5,56.03,80.648,37.296,0.9931,0.04034,3,0.6,0.3623,246.18,5,0.25,123.95,bursty,3
Contextual Bandit RL,x86-like,5,70.554,95.172,9.912,0.9931,0.04034,4,0.8,0.8369,246.18,21,1.05,123.95,bursty,3
Proposed Hybrid,x86-like,5,40.724,65.342,20.15,0.9931,0.04034,3,0.6,0.9271,246.18,16,0.8,123.95,bursty,3
PRR,x86-like,5,53.102,85.764,45.394,0.9454,0.02895,3,0.6,0.7561,326.62,14,0.7,172.74,bursty,4
PRM,x86-like,5,59.326,91.988,59.326,0.9454,0.02895,2,0.4,0.2318,326.62,4,0.2,172.74,bursty,4
Contextual Bandit RL,x86-like,5,59.92,92.582,35.102,0.9454,0.02895,3,0.6,0.7301,326.62,16,0.8,172.74,bursty,4
Proposed Hybrid,x86-like,5,62.702,95.364,24.264,0.9454,0.02895,3,0.6,0.2218,326.62,19,0.95,172.74,bursty,4
PRR,x86-like,5,37.116,65.744,16.518,0.9468,0.03307,3,0.6,0.4353,286.28,7,0.35,151.19,bursty,5
PRM,x86-like,5,33.45,62.078,28.144,0.9468,0.03307,2,0.4,0.4288,286.28,6,0.3,151.19,bursty,5
Contextual Bandit RL,x86-like,5,44.408,73.036,7.622,0.9468,0.03307,3,0.6,0.4862,286.28,19,0.95,151.19,bursty,5
Proposed Hybrid,x86-like,5,44.514,73.142,16.684,0.9468,0.03307,4,0.8,0.5366,286.28,14,0.7,151.19,bursty,5
PRR,x86-like,5,3.742,19.866,3.742,0.9185,0.05697,1,0.2,0.6135,145.116,4,0.2,87.77,mixed,1
PRM,x86-like,5,13.292,29.416,13.292,0.9185,0.05697,2,0.4,0.5553,145.116,4,0.2,87.77,mixed,1
Contextual Bandit RL,x86-like,5,5.472,21.596,3.412,0.9185,0.05697,1,0.2,0.5014,145.116,6,0.3,87.77,mixed,1
Proposed Hybrid,x86-like,5,4.374,20.498,4.374,0.9185,0.05697,2,0.4,0.5477,145.116,4,0.2,87.77,mixed,1
PRR,x86-like,5,14.03,26.316,14.03,0.9514,0.07744,2,0.4,0.4862,110.574,4,0.2,64.57,mixed,2
PRM,x86-like,5,13.246,25.532,12.622,0.9514,0.07744,1,0.2,0.5153,110.574,5,0.25,64.57,mixed,2
Contextual Bandit RL,x86-like,5,8.61,20.896,2.648,0.9514,0.07744,1,0.2,0.7697,110.574,8,0.4,64.57,mixed,2
Proposed Hybrid,x86-like,5,7.642,19.928,6.912,0.9514,0.07744,2,0.4,0.3866,110.574,5,0.25,64.57,mixed,2
PRR,x86-like,5,5.572,14.324,2.224,0.977,0.11163,1,0.2,0.6002,78.768,5,0.25,44.79,mixed,3
PRM,x86-like,5,5.572,14.324,2.224,0.977,0.11163,1,0.2,0.6002,78.768,5,0.25,44.79,mixed,3
Contextual Bandit RL,x86-like,5,5.572,14.324,2.224,0.977,0.11163,1,0.2,0.6002,78.768,5,0.25,44.79,mixed,3
Proposed Hybrid,x86-like,5,5.572,14.324,2.224,0.977,0.11163,1,0.2,0.6002,78.768,5,0.25,44.79,mixed,3
PRR,x86-like,5,12.844,23.712,10.914,0.8276,0.07615,1,0.2,0.3436,97.812,7,0.35,65.66,mixed,4
PRM,x86-like,5,14.538,25.406,5.362,0.8276,0.07615,3,0.6,0.4793,97.812,6,0.3,65.66,mixed,4
Contextual Bandit RL,x86-like,5,21.376,32.244,8.268,0.8276,0.07615,3,0.6,0.8287,97.812,10,0.5,65.66,mixed,4
Proposed Hybrid,x86-like,5,15.528,26.396,10.304,0.8276,0.07615,3,0.6,0.8611,97.812,8,0.4,65.66,mixed,4
PRR,x86-like,5,25.938,40.838,22.74,0.8852,0.05941,3,0.6,0.4793,134.1,8,0.4,84.16,mixed,5
PRM,x86-like,5,32.334,47.234,32.334,0.8852,0.05941,4,0.8,0.2511,134.1,4,0.2,84.16,mixed,5
Contextual Bandit RL,x86-like,5,28.524,43.424,24.452,0.8852,0.05941,4,0.8,0.3695,134.1,8,0.4,84.16,mixed,5
Proposed Hybrid,x86-like,5,19.15,34.05,12.172,0.8852,0.05941,3,0.6,0.3803,134.1,7,0.35,84.16,mixed,5
PRR,x86-like,10,0.313,6.073,0.313,0.5878,0.10205,0,0.0,0.9317,57.6,9,0.45,97.99,light,1
PRM,x86-like,10,0.313,6.073,0.313,0.5878,0.10205,0,0.0,0.9317,57.6,9,0.45,97.99,light,1
Contextual Bandit RL,x86-like,10,0.313,6.073,0.313,0.5878,0.10205,0,0.0,0.9317,57.6,9,0.45,97.99,light,1
Proposed Hybrid,x86-like,10,0.313,6.073,0.313,0.5878,0.10205,0,0.0,0.9317,57.6,9,0.45,97.99,light,1
PRR,x86-like,10,-0.0,4.74,0.0,0.4144,0.08742,0,0.0,1.0,47.4,9,0.45,114.39,light,2
PRM,x86-like,10,-0.0,4.74,0.0,0.4144,0.08742,0,0.0,1.0,47.4,9,0.45,114.39,light,2
Contextual Bandit RL,x86-like,10,-0.0,4.74,0.0,0.4144,0.08742,0,0.0,1.0,47.4,9,0.45,114.39,light,2
Proposed Hybrid,x86-like,10,-0.0,4.74,0.0,0.4144,0.08742,0,0.0,1.0,47.4,9,0.45,114.39,light,2
PRR,x86-like,10,0.0,5.381,0.0,0.5184,0.09634,0,0.0,1.0,53.81,9,0.45,103.8,light,3
PRM,x86-like,10,0.0,5.381,0.0,0.5184,0.09634,0,0.0,1.0,53.81,9,0.45,103.8,light,3
Contextual Bandit RL,x86-like,10,0.0,5.381,0.0,0.5184,0.09634,0,0.0,1.0,53.81,9,0.45,103.8,light,3
Proposed Hybrid,x86-like,10,0.0,5.381,0.0,0.5184,0.09634,0,0.0,1.0,53.81,9,0.45,103.8,light,3
PRR,x86-like,10,-0.0,5.293,0.0,0.455,0.08596,0,0.0,1.0,52.93,9,0.45,116.33,light,4
PRM,x86-like,10,-0.0,5.293,0.0,0.455,0.08596,0,0.0,1.0,52.93,9,0.45,116.33,light,4
Contextual Bandit RL,x86-like,10,-0.0,5.293,0.0,0.455,0.08596,0,0.0,1.0,52.93,9,0.45,116.33,light,4
Proposed Hybrid,x86-like,10,-0.0,5.293,0.0,0.455,0.08596,0,0.0,1.0,52.93,9,0.45,116.33,light,4
PRR,x86-like,10,0.0,5.188,0.0,0.4263,0.08216,0,0.0,1.0,51.88,9,0.45,121.71,light,5
PRM,x86-like,10,0.0,5.188,0.0,0.4263,0.08216,0,0.0,1.0,51.88,9,0.45,121.71,light,5
Contextual Bandit RL,x86-like,10,0.0,5.188,0.0,0.4263,0.08216,0,0.0,1.0,51.88,9,0.45,121.71,light,5
Proposed Hybrid,x86-like,10,0.0,5.188,0.0,0.4263,0.08216,0,0.0,1.0,51.88,9,0.45,121.71,light,5
PRR,x86-like,10,57.868,72.269,41.802,0.966,0.06708,7,0.7,0.2792,216.015,15,0.75,149.08,normal,1
PRM,x86-like,10,48.648,63.049,31.418,0.966,0.06708,7,0.7,0.3481,216.015,12,0.6,149.08,normal,1
Contextual Bandit RL,x86-like,10,73.175,87.576,27.896,0.966,0.06708,9,0.9,0.6042,216.015,30,1.5,149.08,normal,1
Proposed Hybrid,x86-like,10,67.623,82.024,38.123,0.966,0.06708,9,0.9,0.3579,216.015,24,1.2,149.08,normal,1
PRR,x86-like,10,24.342,36.192,13.352,0.9708,0.08192,3,0.3,0.401,177.75,19,0.95,122.07,normal,2
PRM,x86-like,10,23.731,35.581,19.154,0.9708,0.08192,4,0.4,0.4621,177.75,12,0.6,122.07,normal,2
Contextual Bandit RL,x86-like,10,32.527,44.377,3.195,0.9708,0.08192,5,0.5,0.3882,177.75,22,1.1,122.07,normal,2
Proposed Hybrid,x86-like,10,26.627,38.477,16.963,0.9708,0.08192,5,0.5,0.4654,177.75,18,0.9,122.07,normal,2
PRR,x86-like,10,45.906,59.358,29.339,0.9817,0.07298,7,0.7,0.1737,201.78,21,1.05,137.03,normal,3
PRM,x86-like,10,46.812,60.264,38.516,0.9817,0.07298,6,0.6,0.4167,201.78,10,0.5,137.03,normal,3
Contextual Bandit RL,x86-like,10,66.02,79.472,2.154,0.9817,0.07298,9,0.9,0.4032,201.78,28,1.4,137.03,normal,3
Proposed Hybrid,x86-like,10,37.951,51.403,28.132,0.9817,0.07298,7,0.7,0.2664,201.78,25,1.25,137.03,normal,3
PRR,x86-like,10,34.344,47.58,32.452,0.9453,0.07142,6,0.6,0.4746,198.54,15,0.75,140.02,normal,4
PRM,x86-like,10,42.417,55.653,38.016,0.9453,0.07142,6,0.6,0.2257,198.54,11,0.55,140.02,normal,4
Contextual Bandit RL,x86-like,10,40.094,53.33,27.819,0.9453,0.07142,7,0.7,0.6354,198.54,23,1.15,140.02,normal,4
Proposed Hybrid,x86-like,10,51.817,65.053,23.988,0.9453,0.07142,8,0.8,0.1397,198.54,27,1.35,140.02,normal,4
PRR,x86-like,10,37.981,50.952,29.243,0.95,0.07324,8,0.8,0.3572,194.565,16,0.8,136.54,normal,5
PRM,x86-like,10,30.815,43.786,27.103,0.95,0.07324,7,0.7,0.4578,194.565,13,0.65,136.54,normal,5
Contextual Bandit RL,x86-like,10,55.844,68.815,14.672,0.95,0.07324,10,1.0,0.3163,194.565,26,1.3,136.54,normal,5
Proposed Hybrid,x86-like,10,37.045,50.016,22.026,0.95,0.07324,8,0.8,0.2976,194.565,22,1.1,136.54,normal,5
PRR,x86-like,10,208.741,253.814,155.349,0.9933,0.02204,9,0.9,0.1293,1126.825,42,2.1,453.78,cpu_heavy,1
PRM,x86-like,10,182.168,227.241,123.434,0.9933,0.02204,8,0.8,0.122,1126.825,12,0.6,453.78,cpu_heavy,1
Contextual Bandit RL,x86-like,10,276.037,321.11,49.986,0.9933,0.02204,9,0.9,0.3825,1126.825,93,4.65,453.78,cpu_heavy,1
Proposed Hybrid,x86-like,10,278.542,323.615,71.854,0.9933,0.02204,9,0.9,0.3058,1126.825,89,4.45,453.78,cpu_heavy,1
PRR,x86-like,10,159.269,197.536,123.901,0.9947,0.02599,8,0.8,0.2048,956.675,62,3.1,384.72,cpu_heavy,2
PRM,x86-like,10,143.186,181.453,140.434,0.9947,0.02599,7,0.7,0.1241,956.675,10,0.5,384.72,cpu_heavy,2
Contextual Bandit RL,x86-like,10,242.444,280.711,72.776,0.9947,0.02599,9,0.9,0.2213,956.675,76,3.8,384.72,cpu_heavy,2
Proposed Hybrid,x86-like,10,186.383,224.65,71.295,0.9947,0.02599,8,0.8,0.261,956.675,65,3.25,384.72,cpu_heavy,2
PRR,x86-like,10,185.059,227.595,128.698,0.9969,0.02344,9,0.9,0.1136,1063.4,59,2.95,426.7,cpu_heavy,3
PRM,x86-like,10,189.419,231.955,163.299,0.9969,0.02344,7,0.7,0.1419,1063.4,10,0.5,426.7,cpu_heavy,3
Contextual Bandit RL,x86-like,10,244.624,287.16,69.776,0.9969,0.02344,9,0.9,0.2754,1063.4,82,4.1,426.7,cpu_heavy,3
Proposed Hybrid,x86-like,10,227.317,269.853,66.859,0.9969,0.02344,9,0.9,0.313,1063.4,80,4.0,426.7,cpu_heavy,3
PRR,x86-like,10,176.469,218.43,158.261,0.9888,0.02356,8,0.8,0.568,1049.025,56,2.8,424.38,cpu_heavy,4
PRM,x86-like,10,184.854,226.815,184.854,0.9888,0.02356,7,0.7,0.1149,1049.025,9,0.45,424.38,cpu_heavy,4
Contextual Bandit RL,x86-like,10,212.439,254.4,99.395,0.9888,0.02356,7,0.7,0.3074,1049.025,66,3.3,424.38,cpu_heavy,4
Proposed Hybrid,x86-like,10,234.443,276.404,46.17,0.9888,0.02356,8,0.8,0.3305,1049.025,75,3.75,424.38,cpu_heavy,4
PRR,x86-like,10,177.452,218.708,141.378,0.9899,0.02399,8,0.8,0.1212,1031.4,43,2.15,416.78,cpu_heavy,5
PRM,x86-like,10,156.697,197.953,147.073,0.9899,0.02399,8,0.8,0.1612,1031.4,10,0.5,416.78,cpu_heavy,5
Contextual Bandit RL,x86-like,10,275.138,316.394,48.472,0.9899,0.02399,9,0.9,0.4502,1031.4,87,4.35,416.78,cpu_heavy,5
Proposed Hybrid,x86-like,10,237.392,278.648,64.502,0.9899,0.02399,9,0.9,0.3176,1031.4,89,4.45,416.78,cpu_heavy,5
PRR,x86-like,10,146.945,179.031,112.276,0.9843,0.03068,8,0.8,0.1792,641.72,24,1.2,325.98,bursty,1
PRM,x86-like,10,115.742,147.828,88.418,0.9843,0.03068,7,0.7,0.1983,641.72,10,0.5,325.98,bursty,1
Contextual Bandit RL,x86-like,10,191.191,223.277,22.36,0.9843,0.03068,9,0.9,0.3624,641.72,58,2.9,325.98,bursty,1
Proposed Hybrid,x86-like,10,178.985,211.071,58.633,0.9843,0.03068,9,0.9,0.2727,641.72,64,3.2,325.98,bursty,1
PRR,x86-like,10,61.639,85.559,40.958,0.9892,0.04135,4,0.4,0.3506,478.4,29,1.45,241.82,bursty,2
PRM,x86-like,10,65.465,89.385,63.648,0.9892,0.04135,4,0.4,0.2846,478.4,11,0.55,241.82,bursty,2
Contextual Bandit RL,x86-like,10,136.449,160.369,35.233,0.9892,0.04135,9,0.9,0.2159,478.4,42,2.1,241.82,bursty,2
Proposed Hybrid,x86-like,10,66.441,90.361,27.329,0.9892,0.04135,6,0.6,0.4619,478.4,28,1.4,241.82,bursty,2
PRR,x86-like,10,113.39,142.433,76.199,0.997,0.03433,9,0.9,0.1266,580.86,38,1.9,291.29,bursty,3
PRM,x86-like,10,125.765,154.808,99.19,0.997,0.03433,7,0.7,0.2624,580.86,11,0.55,291.29,bursty,3
Contextual Bandit RL,x86-like,10,157.289,186.332,25.594,0.997,0.03433,9,0.9,0.206,580.86,50,2.5,291.29,bursty,3
Proposed Hybrid,x86-like,10,103.123,132.166,66.147,0.997,0.03433,8,0.8,0.5775,580.86,43,2.15,291.29,bursty,3
PRR,x86-like,10,98.571,126.926,89.721,0.9678,0.03413,8,0.8,0.5951,567.1,32,1.6,292.98,bursty,4
PRM,x86-like,10,115.353,143.708,115.353,0.9678,0.03413,7,0.7,0.1295,567.1,9,0.45,292.98,bursty,4
Contextual Bandit RL,x86-like,10,162.531,190.886,40.244,0.9678,0.03413,8,0.8,0.225,567.1,63,3.15,292.98,bursty,4
Proposed Hybrid,x86-like,10,129.527,157.882,43.297,0.9678,0.03413,8,0.8,0.1158,567.1,46,2.3,292.98,bursty,4
PRR,x86-like,10,100.424,127.93,82.774,0.9716,0.03532,8,0.8,0.2534,550.12,23,1.15,283.11,bursty,5
PRM,x86-like,10,78.989,106.495,74.04,0.9716,0.03532,7,0.7,0.2789,550.12,12,0.6,283.11,bursty,5
Contextual Bandit RL,x86-like,10,111.086,138.592,24.755,0.9716,0.03532,8,0.8,0.3133,550.12,55,2.75,283.11,bursty,5
Proposed Hybrid,x86-like,10,133.028,160.534,39.107,0.9716,0.03532,9,0.9,0.321,550.12,55,2.75,283.11,bursty,5
PRR,x86-like,10,40.087,58.513,26.18,0.9626,0.05224,4,0.4,0.3685,331.668,22,1.1,191.41,mixed,1
PRM,x86-like,10,43.76,62.186,43.76,0.9626,0.05224,6,0.6,0.3506,331.668,9,0.45,191.41,mixed,1
Contextual Bandit RL,x86-like,10,37.606,56.032,20.382,0.9626,0.05224,5,0.5,0.2886,331.668,18,0.9,191.41,mixed,1
Proposed Hybrid,x86-like,10,38.097,56.523,30.779,0.9626,0.05224,6,0.6,0.3518,331.668,14,0.7,191.41,mixed,1
PRR,x86-like,10,37.348,51.738,35.517,0.9786,0.06801,6,0.6,0.2786,259.02,14,0.7,147.04,mixed,2
PRM,x86-like,10,33.742,48.132,32.916,0.9786,0.06801,4,0.4,0.3338,259.02,11,0.55,147.04,mixed,2
Contextual Bandit RL,x86-like,10,24.434,38.824,2.478,0.9786,0.06801,4,0.4,0.5685,259.02,19,0.95,147.04,mixed,2
Proposed Hybrid,x86-like,10,25.407,39.797,21.345,0.9786,0.06801,5,0.5,0.2438,259.02,14,0.7,147.04,mixed,2
PRR,x86-like,10,54.983,74.198,37.931,0.9947,0.05177,4,0.4,0.3228,345.87,14,0.7,193.18,mixed,3
PRM,x86-like,10,46.236,65.451,29.723,0.9947,0.05177,5,0.5,0.3231,345.87,10,0.5,193.18,mixed,3
Contextual Bandit RL,x86-like,10,47.988,67.203,29.176,0.9947,0.05177,5,0.5,0.3063,345.87,15,0.75,193.18,mixed,3
Proposed Hybrid,x86-like,10,33.598,52.813,23.3,0.9947,0.05177,6,0.6,0.2572,345.87,16,0.8,193.18,mixed,3
PRR,x86-like,10,17.486,26.929,14.217,0.893,0.09456,4,0.4,0.3407,169.974,18,0.9,105.75,mixed,4
PRM,x86-like,10,21.84,31.283,17.252,0.893,0.09456,6,0.6,0.411,169.974,11,0.55,105.75,mixed,4
Contextual Bandit RL,x86-like,10,37.033,46.476,9.972,0.893,0.09456,8,0.8,0.3118,169.974,18,0.9,105.75,mixed,4
Proposed Hybrid,x86-like,10,17.537,26.98,11.158,0.893,0.09456,7,0.7,0.8171,169.974,18,0.9,105.75,mixed,4
PRR,x86-like,10,44.674,59.573,38.233,0.9391,0.06303,6,0.6,0.4149,268.182,16,0.8,158.65,mixed,5
PRM,x86-like,10,44.554,59.453,42.67,0.9391,0.06303,7,0.7,0.3604,268.182,11,0.55,158.65,mixed,5
Contextual Bandit RL,x86-like,10,51.996,66.895,31.175,0.9391,0.06303,8,0.8,0.2972,268.182,20,1.0,158.65,mixed,5
Proposed Hybrid,x86-like,10,40.03,54.929,23.389,0.9391,0.06303,6,0.6,0.3184,268.182,22,1.1,158.65,mixed,5
PRR,x86-like,20,0.1565,5.727,0.1565,0.5354,0.09612,0,0.0,0.9646,111.41,19,0.95,208.08,light,1
PRM,x86-like,20,0.1565,5.727,0.1565,0.5354,0.09612,0,0.0,0.9646,111.41,19,0.95,208.08,light,1
Contextual Bandit RL,x86-like,20,0.1565,5.727,0.1565,0.5354,0.09612,0,0.0,0.9646,111.41,19,0.95,208.08,light,1
Proposed Hybrid,x86-like,20,0.1565,5.727,0.1565,0.5354,0.09612,0,0.0,0.9646,111.41,19,0.95,208.08,light,1
PRR,x86-like,20,0.167,5.2715,0.167,0.5056,0.09906,1,0.05,0.9643,102.09,19,0.95,201.9,light,2
PRM,x86-like,20,0.167,5.2715,0.167,0.5056,0.09906,1,0.05,0.9643,102.09,19,0.95,201.9,light,2
Contextual Bandit RL,x86-like,20,0.167,5.2715,0.167,0.5056,0.09906,1,0.05,0.9643,102.09,19,0.95,201.9,light,2
Proposed Hybrid,x86-like,20,0.167,5.2715,0.167,0.5056,0.09906,1,0.05,0.9643,102.09,19,0.95,201.9,light,2
PRR,x86-like,20,0.0,5.2105,0.0,0.5052,0.09696,0,0.0,1.0,104.21,19,0.95,206.26,light,3
PRM,x86-like,20,0.0,5.2105,0.0,0.5052,0.09696,0,0.0,1.0,104.21,19,0.95,206.26,light,3
Contextual Bandit RL,x86-like,20,0.0,5.2105,0.0,0.5052,0.09696,0,0.0,1.0,104.21,19,0.95,206.26,light,3
Proposed Hybrid,x86-like,20,0.0,5.2105,0.0,0.5052,0.09696,0,0.0,1.0,104.21,19,0.95,206.26,light,3
PRR,x86-like,20,-0.0,4.9665,0.0,0.4315,0.08688,0,0.0,1.0,99.33,19,0.95,230.21,light,4
PRM,x86-like,20,-0.0,4.9665,0.0,0.4315,0.08688,0,0.0,1.0,99.33,19,0.95,230.21,light,4
Contextual Bandit RL,x86-like,20,-0.0,4.9665,0.0,0.4315,0.08688,0,0.0,1.0,99.33,19,0.95,230.21,light,4
Proposed Hybrid,x86-like,20,-0.0,4.9665,0.0,0.4315,0.08688,0,0.0,1.0,99.33,19,0.95,230.21,light,4
PRR,x86-like,20,-0.0,5.2735,0.0,0.4657,0.08832,0,0.0,1.0,105.47,19,0.95,226.46,light,5
PRM,x86-like,20,-0.0,5.2735,0.0,0.4657,0.08832,0,0.0,1.0,105.47,19,0.95,226.46,light,5
Contextual Bandit RL,x86-like,20,-0.0,5.2735,0.0,0.4657,0.08832,0,0.0,1.0,105.47,19,0.95,226.46,light,5
Proposed Hybrid,x86-like,20,-0.0,5.2735,0.0,0.4657,0.08832,0,0.0,1.0,105.47,19,0.95,226.46,light,5
PRR,x86-like,20,105.629,119.556,80.654,0.9821,0.07052,16,0.8,0.2433,417.81,45,2.25,283.61,normal,1
PRM,x86-like,20,92.869,106.796,70.6195,0.9821,0.07052,14,0.7,0.299,417.81,25,1.25,283.61,normal,1
Contextual Bandit RL,x86-like,20,147.1575,161.0845,44.1355,0.9821,0.07052,17,0.85,0.0964,417.81,64,3.2,283.61,normal,1
Proposed Hybrid,x86-like,20,111.2135,125.1405,76.3095,0.9821,0.07052,18,0.9,0.1711,417.81,52,2.6,283.61,normal,1
PRR,x86-like,20,68.09,80.853,47.587,0.9862,0.07727,11,0.55,0.269,382.89,46,2.3,258.83,normal,2
PRM,x86-like,20,62.754,75.517,51.8335,0.9862,0.07727,12,0.6,0.3766,382.89,25,1.25,258.83,normal,2
Contextual Bandit RL,x86-like,20,88.2965,101.0595,24.268,0.9862,0.07727,14,0.7,0.2561,382.89,49,2.45,258.83,normal,2
Proposed Hybrid,x86-like,20,65.5455,78.3085,44.4375,0.9862,0.07727,13,0.65,0.3647,382.89,44,2.2,258.83,normal,2
PRR,x86-like,20,90.019,103.0455,66.055,0.9905,0.07603,16,0.8,0.1432,390.795,55,2.75,263.04,normal,3
PRM,x86-like,20,82.251,95.2775,75.9615,0.9905,0.07603,15,0.75,0.1701,390.795,21,1.05,263.04,normal,3
Contextual Bandit RL,x86-like,20,123.247,136.2735,8.478,0.9905,0.07603,18,0.9,0.146,390.795,62,3.1,263.04,normal,3
Proposed Hybrid,x86-like,20,95.4645,108.491,57.637,0.9905,0.07603,17,0.85,0.1627,390.795,56,2.8,263.04,normal,3
PRR,x86-like,20,65.3915,77.81,57.092,0.9701,0.07812,12,0.6,0.3474,372.555,45,2.25,256.03,normal,4
PRM,x86-like,20,79.946,92.3645,71.2565,0.9701,0.07812,13,0.65,0.2025,372.555,23,1.15,256.03,normal,4
Contextual Bandit RL,x86-like,20,84.457,96.8755,51.8975,0.9701,0.07812,14,0.7,0.2656,372.555,53,2.65,256.03,normal,4
Proposed Hybrid,x86-like,20,95.727,108.1455,47.6215,0.9701,0.07812,18,0.9,0.0881,372.555,57,2.85,256.03,normal,4
PRR,x86-like,20,81.95,95.1345,65.9775,0.9748,0.07393,14,0.7,0.217,395.535,43,2.15,270.52,normal,5
PRM,x86-like,20,75.3785,88.563,65.711,0.9748,0.07393,14,0.7,0.34,395.535,26,1.3,270.52,normal,5
Contextual Bandit RL,x86-like,20,118.3975,131.582,33.7315,0.9748,0.07393,18,0.9,0.1589,395.535,57,2.85,270.52,normal,5
Proposed Hybrid,x86-like,20,87.8025,100.987,46.624,0.9748,0.07393,15,0.75,0.2534,395.535,60,3.0,270.52,normal,5
PRR,x86-like,20,432.995,476.802,332.31,0.9965,0.02275,19,0.95,0.509,2190.35,170,8.5,879.19,cpu_heavy,1
PRM,x86-like,20,383.586,427.393,312.5735,0.9965,0.02275,18,0.9,0.0711,2190.35,23,1.15,879.19,cpu_heavy,1
Contextual Bandit RL,x86-like,20,626.7855,670.5925,112.369,0.9965,0.02275,19,0.95,0.0896,2190.35,194,9.7,879.19,cpu_heavy,1
Proposed Hybrid,x86-like,20,572.935,616.742,169.623,0.9965,0.02275,19,0.95,0.2048,2190.35,181,9.05,879.19,cpu_heavy,1
PRR,x86-like,20,371.085,411.785,305.856,0.9975,0.02451,19,0.95,0.0595,2035.0,164,8.2,816.05,cpu_heavy,2
PRM,x86-like,20,339.913,380.613,335.6825,0.9975,0.02451,18,0.9,0.0961,2035.0,21,1.05,816.05,cpu_heavy,2
Contextual Bandit RL,x86-like,20,565.086,605.786,140.2015,0.9975,0.02451,19,0.95,0.0974,2035.0,177,8.85,816.05,cpu_heavy,2
Proposed Hybrid,x86-like,20,482.316,523.016,126.807,0.9975,0.02451,18,0.9,0.1646,2035.0,182,9.1,816.05,cpu_heavy,2
PRR,x86-like,20,394.0085,435.4095,315.2485,0.9984,0.02411,18,0.9,0.0858,2070.05,160,8.0,829.36,cpu_heavy,3
PRM,x86-like,20,377.992,419.393,360.8015,0.9984,0.02411,17,0.85,0.0762,2070.05,20,1.0,829.36,cpu_heavy,3
Contextual Bandit RL,x86-like,20,563.017,604.418,126.9495,0.9984,0.02411,18,0.9,0.1064,2070.05,180,9.0,829.36,cpu_heavy,3
Proposed Hybrid,x86-like,20,567.367,608.768,104.323,0.9984,0.02411,19,0.95,0.2158,2070.05,191,9.55,829.36,cpu_heavy,3
PRR,x86-like,20,356.838,396.618,308.7745,0.994,0.02499,18,0.9,0.4742,1989.0,162,8.1,800.37,cpu_heavy,4
PRM,x86-like,20,367.1155,406.8955,361.033,0.994,0.02499,18,0.9,0.0804,1989.0,21,1.05,800.37,cpu_heavy,4
Contextual Bandit RL,x86-like,20,590.2945,630.0745,97.259,0.994,0.02499,20,1.0,0.1457,1989.0,182,9.1,800.37,cpu_heavy,4
Proposed Hybrid,x86-like,20,464.771,504.551,103.6545,0.994,0.02499,18,0.9,0.2299,1989.0,174,8.7,800.37,cpu_heavy,4
PRR,x86-like,20,390.713,432.538,302.8495,0.995,0.02379,17,0.85,0.092,2091.25,160,8.0,840.72,cpu_heavy,5
PRM,x86-like,20,365.0805,406.9055,345.34,0.995,0.02379,17,0.85,0.1007,2091.25,22,1.1,840.72,cpu_heavy,5
Contextual Bandit RL,x86-like,20,624.461,666.286,117.728,0.995,0.02379,19,0.95,0.2444,2091.25,190,9.5,840.72,cpu_heavy,5
Proposed Hybrid,x86-like,20,521.182,563.007,115.5465,0.995,0.02379,19,0.95,0.2258,2091.25,197,9.85,840.72,cpu_heavy,5
PRR,x86-like,20,283.65,314.218,225.038,0.9917,0.03244,18,0.9,0.4492,1222.72,102,5.1,616.48,bursty,1
PRM,x86-like,20,238.599,269.167,209.2975,0.9917,0.03244,16,0.8,0.1795,1222.72,21,1.05,616.48,bursty,1
Contextual Bandit RL,x86-like,20,372.9435,403.5115,53.5525,0.9917,0.03244,18,0.9,0.1012,1222.72,135,6.75,616.48,bursty,1
Proposed Hybrid,x86-like,20,305.888,336.456,142.577,0.9917,0.03244,19,0.95,0.1763,1222.72,119,5.95,616.48,bursty,1
PRR,x86-like,20,182.783,209.6225,135.5905,0.9951,0.03708,13,0.65,0.1782,1073.58,98,4.9,539.41,bursty,2
PRM,x86-like,20,180.2885,207.128,168.3945,0.9951,0.03708,14,0.7,0.2592,1073.58,24,1.2,539.41,bursty,2
Contextual Bandit RL,x86-like,20,285.5085,312.348,97.3365,0.9951,0.03708,20,1.0,0.2155,1073.58,108,5.4,539.41,bursty,2
Proposed Hybrid,x86-like,20,206.75,233.5895,77.5455,0.9951,0.03708,16,0.8,0.3171,1073.58,109,5.45,539.41,bursty,2
PRR,x86-like,20,235.693,263.3755,188.005,0.9984,0.03607,18,0.9,0.1157,1107.3,94,4.7,554.51,bursty,3
PRM,x86-like,20,231.5885,259.271,215.544,0.9984,0.03607,17,0.85,0.1515,1107.3,21,1.05,554.51,bursty,3
Contextual Bandit RL,x86-like,20,333.8395,361.522,62.4585,0.9984,0.03607,18,0.9,0.1478,1107.3,121,6.05,554.51,bursty,3
Proposed Hybrid,x86-like,20,280.9065,308.589,94.665,0.9984,0.03607,18,0.9,0.3646,1107.3,124,6.2,554.51,bursty,3
PRR,x86-like,20,183.823,209.5605,162.7575,0.982,0.03815,15,0.75,0.2687,1029.5,91,4.55,524.18,bursty,4
PRM,x86-like,20,215.401,241.1385,212.9825,0.982,0.03815,16,0.8,0.1333,1029.5,21,1.05,524.18,bursty,4
Contextual Bandit RL,x86-like,20,274.5485,300.286,56.6475,0.982,0.03815,18,0.9,0.1372,1029.5,112,5.6,524.18,bursty,4
Proposed Hybrid,x86-like,20,246.844,272.5815,114.0755,0.982,0.03815,18,0.9,0.0711,1029.5,102,5.1,524.18,bursty,4
PRR,x86-like,20,222.2615,250.451,174.165,0.9859,0.03497,15,0.75,0.2341,1127.58,97,4.85,571.84,bursty,5
PRM,x86-like,20,202.8825,231.072,188.1525,0.9859,0.03497,15,0.75,0.1915,1127.58,25,1.25,571.84,bursty,5
Contextual Bandit RL,x86-like,20,289.8935,318.083,77.4565,0.9859,0.03497,16,0.8,0.2022,1127.58,118,5.9,571.84,bursty,5
Proposed Hybrid,x86-like,20,259.7735,287.963,75.0855,0.9859,0.03497,18,0.9,0.2338,1127.58,119,5.95,571.84,bursty,5
PRR,x86-like,20,110.994,130.7695,78.4075,0.9822,0.04967,14,0.7,0.2112,711.918,65,3.25,402.66,mixed,1
PRM,x86-like,20,135.013,154.7885,134.321,0.9822,0.04967,14,0.7,0.2235,711.918,20,1.0,402.66,mixed,1
Contextual Bandit RL,x86-like,20,113.597,133.3725,49.0125,0.9822,0.04967,12,0.6,0.266,711.918,61,3.05,402.66,mixed,1
Proposed Hybrid,x86-like,20,106.065,125.8405,68.823,0.9822,0.04967,15,0.75,0.203,711.918,47,2.35,402.66,mixed,1
PRR,x86-like,20,68.0145,79.844,59.6035,0.9869,0.08343,14,0.7,0.2367,425.862,39,1.95,239.73,mixed,2
PRM,x86-like,20,53.0955,64.925,47.1255,0.9869,0.08343,12,0.6,0.3393,425.862,24,1.2,239.73,mixed,2
Contextual Bandit RL,x86-like,20,55.5265,67.356,12.577,0.9869,0.08343,11,0.55,0.4673,425.862,47,2.35,239.73,mixed,2
Proposed Hybrid,x86-like,20,58.754,70.5835,50.305,0.9869,0.08343,15,0.75,0.1789,425.862,35,1.75,239.73,mixed,2
PRR,x86-like,20,104.595,122.485,75.0595,0.9971,0.05574,15,0.75,0.2226,644.04,52,2.6,358.83,mixed,3
PRM,x86-like,20,88.2645,106.1545,68.594,0.9971,0.05574,13,0.65,0.2773,644.04,22,1.1,358.83,mixed,3
Contextual Bandit RL,x86-like,20,95.3155,113.2055,52.223,0.9971,0.05574,13,0.65,0.2487,644.04,60,3.0,358.83,mixed,3
Proposed Hybrid,x86-like,20,88.6965,106.5865,63.8735,0.9971,0.05574,15,0.75,0.1778,644.04,65,3.25,358.83,mixed,3
PRR,x86-like,20,36.5885,45.6345,29.7515,0.9411,0.10404,13,0.65,0.2843,325.656,39,1.95,192.24,mixed,4
PRM,x86-like,20,34.191,43.237,31.39,0.9411,0.10404,11,0.55,0.4373,325.656,23,1.15,192.24,mixed,4
Contextual Bandit RL,x86-like,20,42.8585,51.9045,9.1595,0.9411,0.10404,14,0.7,0.3237,325.656,34,1.7,192.24,mixed,4
Proposed Hybrid,x86-like,20,33.5385,42.5845,24.164,0.9411,0.10404,16,0.8,0.6231,325.656,36,1.8,192.24,mixed,4
PRR,x86-like,20,98.2505,115.319,85.3225,0.9725,0.05698,13,0.65,0.346,614.466,41,2.05,351.03,mixed,5
PRM,x86-like,20,82.6815,99.75,81.1,0.9725,0.05698,12,0.6,0.3523,614.466,23,1.15,351.03,mixed,5
Contextual Bandit RL,x86-like,20,148.6305,165.699,45.1715,0.9725,0.05698,18,0.9,0.1685,614.466,60,3.0,351.03,mixed,5
Proposed Hybrid,x86-like,20,98.4635,115.532,42.118,0.9725,0.05698,15,0.75,0.2384,614.466,59,2.95,351.03,mixed,5
PRR,x86-like,50,0.138,5.4786,0.138,0.5258,0.09845,0,0.0,0.9686,267.03,49,2.45,507.86,light,1
PRM,x86-like,50,0.138,5.4786,0.138,0.5258,0.09845,0,0.0,0.9686,267.03,49,2.45,507.86,light,1
Contextual Bandit RL,x86-like,50,0.138,5.4786,0.138,0.5258,0.09845,0,0.0,0.9686,267.03,49,2.45,507.86,light,1
Proposed Hybrid,x86-like,50,0.138,5.4786,0.138,0.5258,0.09845,0,0.0,0.9686,267.03,49,2.45,507.86,light,1
PRR,x86-like,50,0.1494,5.7954,0.1494,0.5485,0.09715,1,0.02,0.9679,282.3,49,2.45,514.68,light,2
PRM,x86-like,50,0.1494,5.7954,0.1494,0.5485,0.09715,1,0.02,0.9679,282.3,49,2.45,514.68,light,2
Contextual Bandit RL,x86-like,50,0.1494,5.7954,0.1494,0.5485,0.09715,1,0.02,0.9679,282.3,49,2.45,514.68,light,2
Proposed Hybrid,x86-like,50,0.1494,5.7954,0.1494,0.5485,0.09715,1,0.02,0.9679,282.3,49,2.45,514.68,light,2
PRR,x86-like,50,0.0414,5.2592,0.0414,0.5129,0.09829,0,0.0,0.9903,260.89,49,2.45,508.68,light,3
PRM,x86-like,50,0.0414,5.2592,0.0414,0.5129,0.09829,0,0.0,0.9903,260.89,49,2.45,508.68,light,3
Contextual Bandit RL,x86-like,50,0.0414,5.2592,0.0414,0.5129,0.09829,0,0.0,0.9903,260.89,49,2.45,508.68,light,3
Proposed Hybrid,x86-like,50,0.0414,5.2592,0.0414,0.5129,0.09829,0,0.0,0.9903,260.89,49,2.45,508.68,light,3
PRR,x86-like,50,0.063,5.3702,0.063,0.4884,0.09204,0,0.0,0.9872,265.36,49,2.45,543.27,light,4
PRM,x86-like,50,0.063,5.3702,0.063,0.4884,0.09204,0,0.0,0.9872,265.36,49,2.45,543.27,light,4
Contextual Bandit RL,x86-like,50,0.063,5.3702,0.063,0.4884,0.09204,0,0.0,0.9872,265.36,49,2.45,543.27,light,4
Proposed Hybrid,x86-like,50,0.063,5.3702,0.063,0.4884,0.09204,0,0.0,0.9872,265.36,49,2.45,543.27,light,4
PRR,x86-like,50,0.0968,5.2788,0.0968,0.5154,0.09946,0,0.0,0.9777,259.1,49,2.45,502.73,light,5
PRM,x86-like,50,0.0968,5.2788,0.0968,0.5154,0.09946,0,0.0,0.9777,259.1,49,2.45,502.73,light,5
Contextual Bandit RL,x86-like,50,0.0968,5.2788,0.0968,0.5154,0.09946,0,0.0,0.9777,259.1,49,2.45,502.73,light,5
Proposed Hybrid,x86-like,50,0.0968,5.2788,0.0968,0.5154,0.09946,0,0.0,0.9777,259.1,49,2.45,502.73,light,5
PRR,x86-like,50,233.4208,246.772,177.3612,0.9925,0.07434,42,0.84,0.1628,1001.34,162,8.1,672.63,normal,1
PRM,x86-like,50,205.7034,219.0546,185.5908,0.9925,0.07434,37,0.74,0.2356,1001.34,58,2.9,672.63,normal,1
Contextual Bandit RL,x86-like,50,333.5068,346.858,97.5214,0.9925,0.07434,43,0.86,0.1161,1001.34,155,7.75,672.63,normal,1
Proposed Hybrid,x86-like,50,239.4624,252.8136,152.1364,0.9925,0.07434,43,0.86,0.1498,1001.34,137,6.85,672.63,normal,1
PRR,x86-like,50,227.1666,241.2828,181.3468,0.995,0.07048,36,0.72,0.182,1058.715,157,7.85,709.38,normal,2
PRM,x86-like,50,220.6638,234.78,202.2928,0.995,0.07048,38,0.76,0.2234,1058.715,58,2.9,709.38,normal,2
Contextual Bandit RL,x86-like,50,276.7018,290.818,127.5272,0.995,0.07048,36,0.72,0.1974,1058.715,138,6.9,709.38,normal,2
Proposed Hybrid,x86-like,50,259.2066,273.3228,142.0992,0.995,0.07048,40,0.8,0.1674,1058.715,151,7.55,709.38,normal,2
PRR,x86-like,50,227.8688,240.9142,179.7704,0.9962,0.07636,40,0.8,0.1469,978.405,158,7.9,654.78,normal,3
PRM,x86-like,50,207.9578,221.0032,195.4148,0.9962,0.07636,38,0.76,0.1941,978.405,60,3.0,654.78,normal,3
Contextual Bandit RL,x86-like,50,327.5386,340.584,54.0012,0.9962,0.07636,43,0.86,0.1246,978.405,157,7.85,654.78,normal,3
Proposed Hybrid,x86-like,50,243.2094,256.2548,153.421,0.9962,0.07636,42,0.84,0.1362,978.405,154,7.7,654.78,normal,3
PRR,x86-like,50,192.5772,205.845,157.3604,0.9886,0.07451,35,0.7,0.26,995.085,142,7.1,671.05,normal,4
PRM,x86-like,50,202.6522,215.92,191.7282,0.9886,0.07451,37,0.74,0.1733,995.085,57,2.85,671.05,normal,4
Contextual Bandit RL,x86-like,50,250.4934,263.7612,103.6242,0.9886,0.07451,36,0.72,0.1857,995.085,150,7.5,671.05,normal,4
Proposed Hybrid,x86-like,50,218.3142,231.582,131.8402,0.9886,0.07451,43,0.86,0.1053,995.085,154,7.7,671.05,normal,4
PRR,x86-like,50,216.6984,229.654,179.0426,0.9896,0.07638,39,0.78,0.1833,971.67,147,7.35,654.61,normal,5
PRM,x86-like,50,200.8776,213.8332,187.3504,0.9896,0.07638,40,0.8,0.2257,971.67,60,3.0,654.61,normal,5
Contextual Bandit RL,x86-like,50,318.7262,331.6818,89.2652,0.9896,0.07638,46,0.92,0.1057,971.67,156,7.8,654.61,normal,5
Proposed Hybrid,x86-like,50,242.7908,255.7464,140.4428,0.9896,0.07638,43,0.86,0.1722,971.67,151,7.55,654.61,normal,5
PRR,x86-like,50,1047.145,1089.4144,851.6664,0.9986,0.02362,50,1.0,0.4033,5283.675,532,26.6,2116.52,cpu_heavy,1
PRM,x86-like,50,948.098,990.3674,884.9656,0.9986,0.02362,46,0.92,0.0367,5283.675,54,2.7,2116.52,cpu_heavy,1
Contextual Bandit RL,x86-like,50,1674.2604,1716.5298,243.1566,0.9986,0.02362,48,0.96,0.0401,5283.675,491,24.55,2116.52,cpu_heavy,1
Proposed Hybrid,x86-like,50,1272.094,1314.3634,429.3052,0.9986,0.02362,49,0.98,0.1233,5283.675,493,24.65,2116.52,cpu_heavy,1
PRR,x86-like,50,1074.5816,1118.8916,891.5008,0.9991,0.02255,49,0.98,0.0248,5538.75,548,27.4,2217.55,cpu_heavy,2
PRM,x86-like,50,1035.176,1079.486,1025.3982,0.9991,0.02255,47,0.94,0.0428,5538.75,52,2.6,2217.55,cpu_heavy,2
Contextual Bandit RL,x86-like,50,1616.1954,1660.5054,377.3956,0.9991,0.02255,47,0.94,0.0488,5538.75,510,25.5,2217.55,cpu_heavy,2
Proposed Hybrid,x86-like,50,1278.9878,1323.2978,347.619,0.9991,0.02255,47,0.94,0.0927,5538.75,520,26.0,2217.55,cpu_heavy,2
PRR,x86-like,50,1034.3878,1075.8402,847.1746,0.9994,0.02411,49,0.98,0.0244,5181.55,508,25.4,2073.96,cpu_heavy,3
PRM,x86-like,50,968.1814,1009.6338,930.7618,0.9994,0.02411,47,0.94,0.0514,5181.55,75,3.75,2073.96,cpu_heavy,3
Contextual Bandit RL,x86-like,50,1592.071,1633.5234,361.4046,0.9994,0.02411,47,0.94,0.0743,5181.55,497,24.85,2073.96,cpu_heavy,3
Proposed Hybrid,x86-like,50,1241.9318,1283.3842,411.8982,0.9994,0.02411,48,0.96,0.0869,5181.55,505,25.25,2073.96,cpu_heavy,3
PRR,x86-like,50,986.2172,1028.265,832.1598,0.9977,0.02373,47,0.94,0.135,5255.975,518,25.9,2107.16,cpu_heavy,4
PRM,x86-like,50,958.176,1000.2238,946.6004,0.9977,0.02373,46,0.92,0.0508,5255.975,52,2.6,2107.16,cpu_heavy,4
Contextual Bandit RL,x86-like,50,1637.1034,1679.1512,335.07,0.9977,0.02373,48,0.96,0.0596,5255.975,497,24.85,2107.16,cpu_heavy,4
Proposed Hybrid,x86-like,50,1162.1672,1204.215,422.0272,0.9977,0.02373,47,0.94,0.1193,5255.975,503,25.15,2107.16,cpu_heavy,4
PRR,x86-like,50,998.7968,1040.0116,833.2478,0.998,0.02421,46,0.92,0.0326,5151.85,507,25.35,2064.96,cpu_heavy,5
PRM,x86-like,50,940.2856,981.5004,916.2644,0.998,0.02421,48,0.96,0.0563,5151.85,67,3.35,2064.96,cpu_heavy,5
Contextual Bandit RL,x86-like,50,1582.6856,1623.9004,371.078,0.998,0.02421,48,0.96,0.0625,5151.85,495,24.75,2064.96,cpu_heavy,5
Proposed Hybrid,x86-like,50,1275.8324,1317.0472,312.3462,0.998,0.02421,48,0.96,0.1276,5151.85,498,24.9,2064.96,cpu_heavy,5
PRR,x86-like,50,635.3196,664.043,519.6322,0.9964,0.03469,47,0.94,0.2205,2872.34,346,17.3,1441.29,bursty,1
PRM,x86-like,50,560.4396,589.163,530.9836,0.9964,0.03469,42,0.84,0.1387,2872.34,54,2.7,1441.29,bursty,1
Contextual Bandit RL,x86-like,50,858.8132,887.5366,203.6788,0.9964,0.03469,44,0.88,0.0671,2872.34,317,15.85,1441.29,bursty,1
Proposed Hybrid,x86-like,50,708.7088,737.4322,321.798,0.9964,0.03469,49,0.98,0.0904,2872.34,324,16.2,1441.29,bursty,1
PRR,x86-like,50,632.21,663.3812,517.0092,0.9983,0.03203,45,0.9,0.0812,3117.12,368,18.4,1561.18,bursty,2
PRM,x86-like,50,654.0862,685.2574,628.4656,0.9983,0.03203,41,0.82,0.1097,3117.12,56,2.8,1561.18,bursty,2
Contextual Bandit RL,x86-like,50,922.2552,953.4264,260.0088,0.9983,0.03203,46,0.92,0.0738,3117.12,343,17.15,1561.18,bursty,2
Proposed Hybrid,x86-like,50,693.107,724.2782,299.7598,0.9983,0.03203,44,0.88,0.1618,3117.12,342,17.1,1561.18,bursty,2
PRR,x86-like,50,618.572,646.315,513.525,0.9994,0.03602,48,0.96,0.0431,2774.3,335,16.75,1388.01,bursty,3
PRM,x86-like,50,590.6924,618.4354,557.459,0.9994,0.03602,43,0.86,0.1035,2774.3,70,3.5,1388.01,bursty,3
Contextual Bandit RL,x86-like,50,847.8788,875.6218,216.3666,0.9994,0.03602,45,0.9,0.1096,2774.3,318,15.9,1388.01,bursty,3
Proposed Hybrid,x86-like,50,657.9102,685.6532,263.7938,0.9994,0.03602,44,0.88,0.1802,2774.3,317,15.85,1388.01,bursty,3
PRR,x86-like,50,551.1802,579.6386,468.8246,0.9934,0.03491,41,0.82,0.1099,2845.84,325,16.25,1432.35,bursty,4
PRM,x86-like,50,567.8278,596.2862,562.5874,0.9934,0.03491,42,0.84,0.0978,2845.84,53,2.65,1432.35,bursty,4
Contextual Bandit RL,x86-like,50,785.7844,814.2428,206.0418,0.9934,0.03491,42,0.84,0.1283,2845.84,314,15.7,1432.35,bursty,4
Proposed Hybrid,x86-like,50,606.9386,635.397,264.955,0.9934,0.03491,46,0.92,0.0548,2845.84,331,16.55,1432.35,bursty,4
PRR,x86-like,50,584.1054,611.5636,482.5218,0.9942,0.03621,44,0.88,0.1175,2745.82,308,15.4,1380.96,bursty,5
PRM,x86-like,50,543.8176,571.2758,517.7488,0.9942,0.03621,42,0.84,0.1103,2745.82,56,2.8,1380.96,bursty,5
Contextual Bandit RL,x86-like,50,756.2214,783.6796,251.94,0.9942,0.03621,44,0.88,0.1481,2745.82,308,15.4,1380.96,bursty,5
Proposed Hybrid,x86-like,50,675.7796,703.2378,298.8206,0.9942,0.03621,48,0.96,0.1147,2745.82,314,15.7,1380.96,bursty,5
PRR,x86-like,50,255.5076,272.392,210.7782,0.9916,0.05873,41,0.82,0.1395,1519.596,186,9.3,851.37,mixed,1
PRM,x86-like,50,300.7652,317.6496,297.551,0.9916,0.05873,39,0.78,0.1789,1519.596,55,2.75,851.37,mixed,1
Contextual Bandit RL,x86-like,50,284.57,301.4544,133.0732,0.9916,0.05873,38,0.76,0.2148,1519.596,159,7.95,851.37,mixed,1
Proposed Hybrid,x86-like,50,277.877,294.7614,189.7528,0.9916,0.05873,40,0.8,0.12,1519.596,147,7.35,851.37,mixed,1
PRR,x86-like,50,175.2472,187.9398,154.1984,0.9951,0.0784,36,0.72,0.2475,1142.334,112,5.6,637.77,mixed,2
PRM,x86-like,50,150.5996,163.2922,146.2704,0.9951,0.0784,36,0.72,0.2384,1142.334,61,3.05,637.77,mixed,2
Contextual Bandit RL,x86-like,50,165.7814,178.474,81.076,0.9951,0.0784,35,0.7,0.3319,1142.334,121,6.05,637.77,mixed,2
Proposed Hybrid,x86-like,50,175.7094,188.402,109.2782,0.9951,0.0784,41,0.82,0.1647,1142.334,128,6.4,637.77,mixed,2
PRR,x86-like,50,297.1736,316.9914,236.2174,0.999,0.05041,41,0.82,0.1566,1783.602,205,10.25,991.92,mixed,3
PRM,x86-like,50,324.775,344.5928,299.6444,0.999,0.05041,37,0.74,0.1844,1783.602,57,2.85,991.92,mixed,3
Contextual Bandit RL,x86-like,50,449.6096,469.4274,188.0614,0.999,0.05041,42,0.84,0.1173,1783.602,202,10.1,991.92,mixed,3
Proposed Hybrid,x86-like,50,331.616,351.4338,194.7524,0.999,0.05041,42,0.84,0.0852,1783.602,202,10.1,991.92,mixed,3
PRR,x86-like,50,139.6006,152.3768,120.4228,0.9826,0.07691,34,0.68,0.2315,1149.858,123,6.15,650.13,mixed,4
PRM,x86-like,50,138.8298,151.606,129.5898,0.9826,0.07691,33,0.66,0.318,1149.858,64,3.2,650.13,mixed,4
Contextual Bandit RL,x86-like,50,153.897,166.6732,61.5614,0.9826,0.07691,34,0.68,0.2817,1149.858,107,5.35,650.13,mixed,4
Proposed Hybrid,x86-like,50,125.2574,138.0336,84.7712,0.9826,0.07691,42,0.84,0.321,1149.858,128,6.4,650.13,mixed,4
PRR,x86-like,50,183.0506,197.5426,157.4752,0.9868,0.0681,34,0.68,0.3568,1304.28,123,6.15,734.26,mixed,5
PRM,x86-like,50,167.954,182.446,164.4352,0.9868,0.0681,32,0.64,0.3569,1304.28,62,3.1,734.26,mixed,5
Contextual Bandit RL,x86-like,50,291.4384,305.9304,82.8864,0.9868,0.0681,43,0.86,0.1366,1304.28,151,7.55,734.26,mixed,5
Proposed Hybrid,x86-like,50,194.03,208.522,120.6906,0.9868,0.0681,43,0.86,0.1596,1304.28,145,7.25,734.26,mixed,5
PRR,x86-like,100,0.1254,5.1672,0.1254,0.4951,0.0982,1,0.01,0.9712,504.18,99,4.95,1018.37,light,1
PRM,x86-like,100,0.1254,5.1672,0.1254,0.4951,0.0982,1,0.01,0.9712,504.18,99,4.95,1018.37,light,1
Contextual Bandit RL,x86-like,100,0.1254,5.1672,0.1254,0.4951,0.0982,1,0.01,0.9712,504.18,99,4.95,1018.37,light,1
Proposed Hybrid,x86-like,100,0.1254,5.1672,0.1254,0.4951,0.0982,1,0.01,0.9712,504.18,99,4.95,1018.37,light,1
PRR,x86-like,100,0.175,5.4447,0.1368,0.5239,0.09941,1,0.01,0.9688,526.97,100,5.0,1005.95,light,2
PRM,x86-like,100,0.1494,5.4191,0.1494,0.5239,0.09941,1,0.01,0.9679,526.97,99,4.95,1005.95,light,2
Contextual Bandit RL,x86-like,100,0.1494,5.4191,0.1494,0.5239,0.09941,1,0.01,0.9679,526.97,99,4.95,1005.95,light,2
Proposed Hybrid,x86-like,100,0.1494,5.4191,0.1494,0.5239,0.09941,1,0.01,0.9679,526.97,99,4.95,1005.95,light,2
PRR,x86-like,100,0.0317,5.0911,0.0317,0.4966,0.09816,0,0.0,0.9927,505.94,99,4.95,1018.77,light,3
PRM,x86-like,100,0.0317,5.0911,0.0317,0.4966,0.09816,0,0.0,0.9927,505.94,99,4.95,1018.77,light,3
Contextual Bandit RL,x86-like,100,0.0317,5.0911,0.0317,0.4966,0.09816,0,0.0,0.9927,505.94,99,4.95,1018.77,light,3
Proposed Hybrid,x86-like,100,0.0317,5.0911,0.0317,0.4966,0.09816,0,0.0,0.9927,505.94,99,4.95,1018.77,light,3
PRR,x86-like,100,0.0684,5.422,0.0684,0.501,0.09359,0,0.0,0.9847,535.36,99,4.95,1068.49,light,4
PRM,x86-like,100,0.0684,5.422,0.0684,0.501,0.09359,0,0.0,0.9847,535.36,99,4.95,1068.49,light,4
Contextual Bandit RL,x86-like,100,0.0684,5.422,0.0684,0.501,0.09359,0,0.0,0.9847,535.36,99,4.95,1068.49,light,4
Proposed Hybrid,x86-like,100,0.0684,5.422,0.0684,0.501,0.09359,0,0.0,0.9847,535.36,99,4.95,1068.49,light,4
PRR,x86-like,100,0.1016,5.1797,0.1016,0.5202,0.10244,0,0.0,0.9766,507.81,99,4.95,976.15,light,5
PRM,x86-like,100,0.1016,5.1797,0.1016,0.5202,0.10244,0,0.0,0.9766,507.81,99,4.95,976.15,light,5
Contextual Bandit RL,x86-like,100,0.1016,5.1797,0.1016,0.5202,0.10244,0,0.0,0.9766,507.81,99,4.95,976.15,light,5
Proposed Hybrid,x86-like,100,0.1016,5.1797,0.1016,0.5202,0.10244,0,0.0,0.9766,507.81,99,4.95,976.15,light,5
PRR,x86-like,100,412.3651,424.9699,325.7879,0.996,0.07902,82,0.82,0.1457,1890.72,306,15.3,1265.55,normal,1
PRM,x86-like,100,374.9751,387.5799,356.7453,0.996,0.07902,75,0.75,0.2239,1890.72,118,5.9,1265.55,normal,1
Contextual Bandit RL,x86-like,100,525.7813,538.3861,230.745,0.996,0.07902,79,0.79,0.1599,1890.72,278,13.9,1265.55,normal,1
Proposed Hybrid,x86-like,100,473.3586,485.9634,300.2547,0.996,0.07902,92,0.92,0.0853,1890.72,277,13.85,1265.55,normal,1
PRR,x86-like,100,436.4711,449.6477,355.0408,0.9973,0.07569,78,0.78,0.1581,1976.49,325,16.25,1321.23,normal,2
PRM,x86-like,100,413.3912,426.5678,393.5986,0.9973,0.07569,78,0.78,0.1765,1976.49,115,5.75,1321.23,normal,2
Contextual Bandit RL,x86-like,100,525.8019,538.9785,256.9547,0.9973,0.07569,73,0.73,0.1894,1976.49,272,13.6,1321.23,normal,2
Proposed Hybrid,x86-like,100,491.2186,504.3952,301.4858,0.9973,0.07569,85,0.85,0.1288,1976.49,299,14.95,1321.23,normal,2
PRR,x86-like,100,429.0893,441.7381,348.9305,0.998,0.0789,80,0.8,0.1506,1897.32,310,15.5,1267.39,normal,3
PRM,x86-like,100,393.8536,406.5024,379.4817,0.998,0.0789,77,0.77,0.1895,1897.32,124,6.2,1267.39,normal,3
Contextual Bandit RL,x86-like,100,550.5829,563.2317,184.7918,0.998,0.0789,79,0.79,0.1805,1897.32,284,14.2,1267.39,normal,3
Proposed Hybrid,x86-like,100,466.9959,479.6447,313.3032,0.998,0.0789,90,0.9,0.0862,1897.32,295,14.75,1267.39,normal,3
PRR,x86-like,100,424.2335,437.6173,359.0386,0.9943,0.07429,82,0.82,0.1741,2007.57,322,16.1,1346.04,normal,4
PRM,x86-like,100,419.9803,433.3641,403.1137,0.9943,0.07429,76,0.76,0.1599,2007.57,118,5.9,1346.04,normal,4
Contextual Bandit RL,x86-like,100,492.9149,506.2987,235.542,0.9943,0.07429,71,0.71,0.1998,2007.57,284,14.2,1346.04,normal,4
Proposed Hybrid,x86-like,100,463.9064,477.2902,289.8531,0.9943,0.07429,91,0.91,0.0651,2007.57,307,15.35,1346.04,normal,4
PRR,x86-like,100,427.0033,439.6994,357.4864,0.9946,0.07834,83,0.83,0.1631,1904.415,311,15.55,1276.44,normal,5
PRM,x86-like,100,402.1878,414.8839,390.8929,0.9946,0.07834,80,0.8,0.1937,1904.415,115,5.75,1276.44,normal,5
Contextual Bandit RL,x86-like,100,591.9843,604.6804,207.2683,0.9946,0.07834,86,0.86,0.1298,1904.415,297,14.85,1276.44,normal,5
Proposed Hybrid,x86-like,100,486.0466,498.7427,292.2048,0.9946,0.07834,93,0.93,0.093,1904.415,307,15.35,1276.44,normal,5
PRR,x86-like,100,1959.124,1999.4038,1637.5964,0.9992,0.02481,100,1.0,0.3043,10069.95,1044,52.2,4031.03,cpu_heavy,1
PRM,x86-like,100,1818.4381,1858.7179,1759.5206,0.9992,0.02481,95,0.95,0.0342,10069.95,105,5.25,4031.03,cpu_heavy,1
Contextual Bandit RL,x86-like,100,3139.2849,3179.5647,805.1658,0.9992,0.02481,95,0.95,0.0409,10069.95,949,47.45,4031.03,cpu_heavy,1
Proposed Hybrid,x86-like,100,2313.5067,2353.7865,1085.3888,0.9992,0.02481,98,0.98,0.0165,10069.95,964,48.2,4031.03,cpu_heavy,1
PRR,x86-like,100,2046.2675,2088.071,1720.0381,0.9995,0.02391,98,0.98,0.0138,10450.875,1071,53.55,4182.4,cpu_heavy,2
PRM,x86-like,100,1943.4016,1985.2051,1936.9261,0.9995,0.02391,96,0.96,0.0294,10450.875,103,5.15,4182.4,cpu_heavy,2
Contextual Bandit RL,x86-like,100,3275.1322,3316.9357,835.7289,0.9995,0.02391,95,0.95,0.0448,10450.875,977,48.85,4182.4,cpu_heavy,2
Proposed Hybrid,x86-like,100,2372.9343,2414.7378,1028.6238,0.9995,0.02391,95,0.95,0.0605,10450.875,988,49.4,4182.4,cpu_heavy,2
PRR,x86-like,100,2016.0075,2056.4036,1675.5573,0.9997,0.02475,99,0.99,0.013,10099.025,1038,51.9,4040.95,cpu_heavy,3
PRM,x86-like,100,1893.5294,1933.9255,1855.2501,0.9997,0.02475,95,0.95,0.0442,10099.025,147,7.35,4040.95,cpu_heavy,3
Contextual Bandit RL,x86-like,100,3130.1173,3170.5134,654.4692,0.9997,0.02475,94,0.94,0.0627,10099.025,965,48.25,4040.95,cpu_heavy,3
Proposed Hybrid,x86-like,100,2288.351,2328.7471,1124.9515,0.9997,0.02475,97,0.97,0.0564,10099.025,992,49.6,4040.95,cpu_heavy,3
PRR,x86-like,100,2090.3374,2132.6946,1774.4429,0.9989,0.02358,98,0.98,0.0946,10589.3,1096,54.8,4240.49,cpu_heavy,4
PRM,x86-like,100,1977.6059,2019.9631,1961.1085,0.9989,0.02358,95,0.95,0.0398,10589.3,105,5.25,4240.49,cpu_heavy,4
Contextual Bandit RL,x86-like,100,3193.0172,3235.3744,767.58,0.9989,0.02358,94,0.94,0.0632,10589.3,1003,50.15,4240.49,cpu_heavy,4
Proposed Hybrid,x86-like,100,2297.3692,2339.7264,1107.8604,0.9989,0.02358,97,0.97,0.0354,10589.3,1030,51.5,4240.49,cpu_heavy,4
PRR,x86-like,100,1985.6691,2026.1914,1671.9537,0.999,0.02465,97,0.97,0.0167,10130.575,1036,51.8,4056.45,cpu_heavy,5
PRM,x86-like,100,1888.0196,1928.5419,1869.4565,0.999,0.02465,98,0.98,0.0231,10130.575,118,5.9,4056.45,cpu_heavy,5
Contextual Bandit RL,x86-like,100,3199.5258,3240.0481,763.816,0.999,0.02465,96,0.96,0.0453,10130.575,964,48.2,4056.45,cpu_heavy,5
Proposed Hybrid,x86-like,100,2226.4318,2266.9541,1067.7495,0.999,0.02465,98,0.98,0.0827,10130.575,981,49.05,4056.45,cpu_heavy,5
PRR,x86-like,100,1092.4635,1118.799,930.9553,0.9981,0.0379,92,0.92,0.0553,5267.1,648,32.4,2638.67,bursty,1
PRM,x86-like,100,1023.5899,1049.9254,994.5123,0.9981,0.0379,87,0.87,0.096,5267.1,108,5.4,2638.67,bursty,1
Contextual Bandit RL,x86-like,100,1424.6233,1450.9588,470.0552,0.9981,0.0379,87,0.87,0.0824,5267.1,590,29.5,2638.67,bursty,1
Proposed Hybrid,x86-like,100,1359.8384,1386.1739,662.034,0.9981,0.0379,99,0.99,0.0535,5267.1,605,30.25,2638.67,bursty,1
PRR,x86-like,100,1166.4494,1194.6135,987.5994,0.9991,0.03547,93,0.93,0.0598,5632.82,719,35.95,2819.03,bursty,2
PRM,x86-like,100,1174.1246,1202.2887,1151.9582,0.9991,0.03547,88,0.88,0.0718,5632.82,108,5.4,2819.03,bursty,2
Contextual Bandit RL,x86-like,100,1704.9676,1733.1317,512.8805,0.9991,0.03547,92,0.92,0.0574,5632.82,645,32.25,2819.03,bursty,2
Proposed Hybrid,x86-like,100,1403.5941,1431.7582,686.9895,0.9991,0.03547,93,0.93,0.0928,5632.82,642,32.1,2819.03,bursty,2
PRR,x86-like,100,1157.8137,1184.2891,974.8452,0.9997,0.03776,93,0.93,0.05,5295.08,665,33.25,2648.4,bursty,3
PRM,x86-like,100,1115.8842,1142.3596,1083.2871,0.9997,0.03776,91,0.91,0.073,5295.08,137,6.85,2648.4,bursty,3
Contextual Bandit RL,x86-like,100,1441.1483,1467.6237,479.0498,0.9997,0.03776,87,0.87,0.0824,5295.08,593,29.65,2648.4,bursty,3
Proposed Hybrid,x86-like,100,1224.8998,1251.3752,714.571,0.9997,0.03776,92,0.92,0.0525,5295.08,611,30.55,2648.4,bursty,3
PRR,x86-like,100,1227.081,1255.9097,1072.1602,0.9967,0.03457,91,0.91,0.094,5765.74,730,36.5,2892.3,bursty,4
PRM,x86-like,100,1192.1842,1221.0129,1184.1792,0.9967,0.03457,87,0.87,0.0829,5765.74,109,5.45,2892.3,bursty,4
Contextual Bandit RL,x86-like,100,1588.6982,1617.5269,485.2753,0.9967,0.03457,86,0.86,0.0829,5765.74,642,32.1,2892.3,bursty,4
Proposed Hybrid,x86-like,100,1304.9108,1333.7395,743.8173,0.9967,0.03457,96,0.96,0.0282,5765.74,670,33.5,2892.3,bursty,4
PRR,x86-like,100,1139.3512,1165.9781,966.927,0.997,0.03744,92,0.92,0.0833,5325.38,643,32.15,2670.74,bursty,5
PRM,x86-like,100,1106.5914,1133.2183,1082.3648,0.997,0.03744,91,0.91,0.0758,5325.38,108,5.4,2670.74,bursty,5
Contextual Bandit RL,x86-like,100,1390.2396,1416.8665,600.1881,0.997,0.03744,88,0.88,0.1317,5325.38,598,29.9,2670.74,bursty,5
Proposed Hybrid,x86-like,100,1294.1884,1320.8153,694.0546,0.997,0.03744,98,0.98,0.0693,5325.38,625,31.25,2670.74,bursty,5
PRR,x86-like,100,577.4394,595.0096,512.9106,0.9959,0.05668,87,0.87,0.1174,3162.636,413,20.65,1764.17,mixed,1
PRM,x86-like,100,624.5501,642.1203,616.3937,0.9959,0.05668,79,0.79,0.171,3162.636,114,5.7,1764.17,mixed,1
Contextual Bandit RL,x86-like,100,595.2631,612.8333,300.4767,0.9959,0.05668,73,0.73,0.2143,3162.636,335,16.75,1764.17,mixed,1
Proposed Hybrid,x86-like,100,573.3614,590.9316,435.2903,0.9959,0.05668,89,0.89,0.0749,3162.636,341,17.05,1764.17,mixed,1
PRR,x86-like,100,416.4715,431.2354,365.0988,0.9979,0.06759,77,0.77,0.2078,2657.502,341,17.05,1479.53,mixed,2
PRM,x86-like,100,412.5017,427.2656,407.023,0.9979,0.06759,77,0.77,0.2081,2657.502,119,5.95,1479.53,mixed,2
Contextual Bandit RL,x86-like,100,436.7273,451.4912,187.1411,0.9979,0.06759,69,0.69,0.3221,2657.502,310,15.5,1479.53,mixed,2
Proposed Hybrid,x86-like,100,434.4216,449.1855,283.5455,0.9979,0.06759,91,0.91,0.0868,2657.502,334,16.7,1479.53,mixed,2
PRR,x86-like,100,436.8166,452.7653,365.6491,0.9994,0.06266,78,0.78,0.1819,2870.766,354,17.7,1595.9,mixed,3
PRM,x86-like,100,507.8576,523.8063,488.3024,0.9994,0.06266,76,0.76,0.1906,2870.766,114,5.7,1595.9,mixed,3
Contextual Bandit RL,x86-like,100,655.4133,671.362,329.4101,0.9994,0.06266,82,0.82,0.1185,2870.766,345,17.25,1595.9,mixed,3
Proposed Hybrid,x86-like,100,565.9152,581.8639,400.3429,0.9994,0.06266,88,0.88,0.0795,2870.766,346,17.3,1595.9,mixed,3
PRR,x86-like,100,313.4132,327.1696,270.0634,0.9918,0.0721,71,0.71,0.2234,2476.152,290,14.5,1386.96,mixed,4
PRM,x86-like,100,334.4726,348.229,319.0276,0.9918,0.0721,73,0.73,0.2538,2476.152,128,6.4,1386.96,mixed,4
Contextual Bandit RL,x86-like,100,334.1772,347.9336,139.4225,0.9918,0.0721,69,0.69,0.2476,2476.152,261,13.05,1386.96,mixed,4
Proposed Hybrid,x86-like,100,343.7794,357.5358,254.4468,0.9918,0.0721,86,0.86,0.1267,2476.152,268,13.4,1386.96,mixed,4
PRR,x86-like,100,350.8276,365.4125,306.1251,0.9934,0.06811,73,0.73,0.2688,2625.282,310,15.5,1468.15,mixed,5
PRM,x86-like,100,398.5842,413.1691,388.4537,0.9934,0.06811,71,0.71,0.28,2625.282,120,6.0,1468.15,mixed,5
Contextual Bandit RL,x86-like,100,490.2334,504.8183,217.2634,0.9934,0.06811,80,0.8,0.2015,2625.282,294,14.7,1468.15,mixed,5
Proposed Hybrid,x86-like,100,433.5312,448.1161,289.3574,0.9934,0.06811,92,0.92,0.0963,2625.282,323,16.15,1468.15,mixed,5
PRR,RISC-V-like,5,0.7298,7.1385,0.7298,0.7354,0.11476,0,0.0,0.8495,32.043,4,0.2,43.57,light,1
PRM,RISC-V-like,5,0.7298,7.1385,0.7298,0.7354,0.11476,0,0.0,0.8495,32.043,4,0.2,43.57,light,1
Contextual Bandit RL,RISC-V-like,5,0.7298,7.1385,0.7298,0.7354,0.11476,0,0.0,0.8495,32.043,4,0.2,43.57,light,1
Proposed Hybrid,RISC-V-like,5,0.7298,7.1385,0.7298,0.7354,0.11476,0,0.0,0.8495,32.043,4,0.2,43.57,light,1
PRR,RISC-V-like,5,0.0,4.6109,0.0,0.4349,0.09432,0,0.0,1.0,23.054,4,0.2,53.011,light,2
PRM,RISC-V-like,5,0.0,4.6109,0.0,0.4349,0.09432,0,0.0,1.0,23.054,4,0.2,53.011,light,2
Contextual Bandit RL,RISC-V-like,5,0.0,4.6109,0.0,0.4349,0.09432,0,0.0,1.0,23.054,4,0.2,53.011,light,2
Proposed Hybrid,RISC-V-like,5,0.0,4.6109,0.0,0.4349,0.09432,0,0.0,1.0,23.054,4,0.2,53.011,light,2
PRR,RISC-V-like,5,0.0,5.2478,0.0,0.5273,0.10049,0,0.0,1.0,26.239,4,0.2,49.757,light,3
PRM,RISC-V-like,5,0.0,5.2478,0.0,0.5273,0.10049,0,0.0,1.0,26.239,4,0.2,49.757,light,3
Contextual Bandit RL,RISC-V-like,5,0.0,5.2478,0.0,0.5273,0.10049,0,0.0,1.0,26.239,4,0.2,49.757,light,3
Proposed Hybrid,RISC-V-like,5,0.0,5.2478,0.0,0.5273,0.10049,0,0.0,1.0,26.239,4,0.2,49.757,light,3
PRR,RISC-V-like,5,0.0,6.3391,0.0,0.5163,0.08144,0,0.0,1.0,31.696,4,0.2,61.391,light,4
PRM,RISC-V-like,5,0.0,6.3391,0.0,0.5163,0.08144,0,0.0,1.0,31.696,4,0.2,61.391,light,4
Contextual Bandit RL,RISC-V-like,5,0.0,6.3391,0.0,0.5163,0.08144,0,0.0,1.0,31.696,4,0.2,61.391,light,4
Proposed Hybrid,RISC-V-like,5,0.0,6.3391,0.0,0.5163,0.08144,0,0.0,1.0,31.696,4,0.2,61.391,light,4
PRR,RISC-V-like,5,0.0,5.7913,0.0,0.4442,0.0767,0,0.0,1.0,28.957,4,0.2,65.185,light,5
PRM,RISC-V-like,5,0.0,5.7913,0.0,0.4442,0.0767,0,0.0,1.0,28.957,4,0.2,65.185,light,5
Contextual Bandit RL,RISC-V-like,5,0.0,5.7913,0.0,0.4442,0.0767,0,0.0,1.0,28.957,4,0.2,65.185,light,5
Proposed Hybrid,RISC-V-like,5,0.0,5.7913,0.0,0.4442,0.0767,0,0.0,1.0,28.957,4,0.2,65.185,light,5
PRR,RISC-V-like,5,33.481,49.5049,20.2679,0.9405,0.05869,4,0.8,0.3559,120.179,9,0.45,85.19,normal,1
PRM,RISC-V-like,5,28.5483,44.5723,12.2049,0.9405,0.05869,3,0.6,0.4319,120.179,6,0.3,85.19,normal,1
Contextual Bandit RL,RISC-V-like,5,45.1244,61.1483,6.807,0.9405,0.05869,5,1.0,0.8943,120.179,15,0.75,85.19,normal,1
Proposed Hybrid,RISC-V-like,5,38.9897,55.0136,22.6505,0.9405,0.05869,4,0.8,0.8495,120.179,12,0.6,85.19,normal,1
PRR,RISC-V-like,5,10.5585,22.089,7.1607,0.9417,0.08167,1,0.2,0.6454,86.478,6,0.3,61.222,normal,2
PRM,RISC-V-like,5,10.9107,22.4411,9.2107,0.9417,0.08167,1,0.2,0.6753,86.478,5,0.25,61.222,normal,2
Contextual Bandit RL,RISC-V-like,5,12.6585,24.189,4.602,0.9417,0.08167,3,0.6,0.4089,86.478,9,0.45,61.222,normal,2
Proposed Hybrid,RISC-V-like,5,11.4281,22.9585,8.0303,0.9417,0.08167,1,0.2,0.66,86.478,6,0.3,61.222,normal,2
PRR,RISC-V-like,5,27.8366,40.954,8.3931,0.9631,0.07342,4,0.8,0.3561,98.38,10,0.5,68.097,normal,3
PRM,RISC-V-like,5,25.9192,39.0366,16.7018,0.9631,0.07342,3,0.6,0.5547,98.38,5,0.25,68.097,normal,3
Contextual Bandit RL,RISC-V-like,5,27.8583,40.9757,3.317,0.9631,0.07342,4,0.8,0.6769,98.38,12,0.6,68.097,normal,3
Proposed Hybrid,RISC-V-like,5,21.691,34.8083,7.7844,0.9631,0.07342,5,1.0,0.5719,98.38,12,0.6,68.097,normal,3
PRR,RISC-V-like,5,21.1817,37.0317,18.4274,0.9119,0.05753,2,0.4,0.8068,118.875,8,0.4,86.91,normal,4
PRM,RISC-V-like,5,22.9122,38.7622,22.9122,0.9119,0.05753,2,0.4,0.2784,118.875,4,0.2,86.91,normal,4
Contextual Bandit RL,RISC-V-like,5,25.5296,41.3796,12.9296,0.9119,0.05753,3,0.6,0.7561,118.875,12,0.6,86.91,normal,4
Proposed Hybrid,RISC-V-like,5,27.2687,43.1187,11.3361,0.9119,0.05753,3,0.6,0.2536,118.875,12,0.6,86.91,normal,4
PRR,RISC-V-like,5,19.6373,34.1177,6.933,0.9138,0.06311,3,0.6,0.3266,108.603,7,0.35,79.232,normal,5
PRM,RISC-V-like,5,16.759,31.2395,13.0547,0.9138,0.06311,2,0.4,0.3476,108.603,6,0.3,79.232,normal,5
Contextual Bandit RL,RISC-V-like,5,21.9764,36.4569,6.159,0.9138,0.06311,3,0.6,0.2877,108.603,11,0.55,79.232,normal,5
Proposed Hybrid,RISC-V-like,5,24.3438,38.8243,10.2438,0.9138,0.06311,4,0.8,0.7616,108.603,10,0.5,79.232,normal,5
PRR,RISC-V-like,5,104.5623,154.5405,61.1101,0.9879,0.01977,4,0.8,0.2249,624.728,20,1.0,252.941,cpu_heavy,1
PRM,RISC-V-like,5,87.547,137.5253,35.2623,0.9879,0.01977,3,0.6,0.276,624.728,6,0.3,252.941,cpu_heavy,1
Contextual Bandit RL,RISC-V-like,5,175.3666,225.3449,8.1079,0.9879,0.01977,5,1.0,0.9859,624.728,48,2.4,252.941,cpu_heavy,1
Proposed Hybrid,RISC-V-like,5,141.384,191.3623,20.2818,0.9879,0.01977,5,1.0,0.8777,624.728,51,2.55,252.941,cpu_heavy,1
PRR,RISC-V-like,5,59.9236,97.917,53.941,0.9893,0.02604,3,0.6,0.2416,474.918,5,0.25,192.017,cpu_heavy,2
PRM,RISC-V-like,5,63.1844,101.1779,57.2018,0.9893,0.02604,3,0.6,0.2398,474.918,5,0.25,192.017,cpu_heavy,2
Contextual Bandit RL,RISC-V-like,5,99.091,137.0844,33.7649,0.9893,0.02604,5,1.0,0.5034,474.918,26,1.3,192.017,cpu_heavy,2
Proposed Hybrid,RISC-V-like,5,69.4888,107.4823,35.3736,0.9893,0.02604,3,0.6,0.4575,474.918,19,0.95,192.017,cpu_heavy,2
PRR,RISC-V-like,5,88.1565,130.3826,23.8435,0.9937,0.02353,4,0.8,0.2356,527.826,22,1.1,212.47,cpu_heavy,3
PRM,RISC-V-like,5,91.1565,133.3826,62.2304,0.9937,0.02353,3,0.6,0.2511,527.826,5,0.25,212.47,cpu_heavy,3
Contextual Bandit RL,RISC-V-like,5,109.3391,151.5652,12.8609,0.9937,0.02353,4,0.8,0.6695,527.826,21,1.05,212.47,cpu_heavy,3
Proposed Hybrid,RISC-V-like,5,105.3087,147.5348,18.0783,0.9937,0.02353,4,0.8,0.8126,527.826,28,1.4,212.47,cpu_heavy,3
PRR,RISC-V-like,5,95.5046,145.0177,80.6242,0.9811,0.01981,3,0.6,0.764,618.913,22,1.1,252.335,cpu_heavy,4
PRM,RISC-V-like,5,96.9394,146.4524,96.9394,0.9811,0.01981,3,0.6,0.2185,618.913,4,0.2,252.335,cpu_heavy,4
Contextual Bandit RL,RISC-V-like,5,100.722,150.235,51.3763,0.9811,0.01981,3,0.6,0.507,618.913,18,0.9,252.335,cpu_heavy,4
Proposed Hybrid,RISC-V-like,5,114.635,164.1481,31.2611,0.9811,0.01981,3,0.6,0.513,618.913,27,1.35,252.335,cpu_heavy,4
PRR,RISC-V-like,5,75.2219,121.0806,32.6545,0.9819,0.02141,3,0.6,0.2698,573.234,7,0.35,233.513,cpu_heavy,5
PRM,RISC-V-like,5,74.8023,120.661,62.0263,0.9819,0.02141,3,0.6,0.2763,573.234,5,0.25,233.513,cpu_heavy,5
Contextual Bandit RL,RISC-V-like,5,128.8089,174.6676,23.7763,0.9819,0.02141,5,1.0,0.4904,573.234,44,2.2,233.513,cpu_heavy,5
Proposed Hybrid,RISC-V-like,5,106.561,152.4197,18.5589,0.9819,0.02141,5,1.0,0.4923,573.234,26,1.3,233.513,cpu_heavy,5
PRR,RISC-V-like,5,73.5343,109.5952,31.7517,0.9724,0.02697,4,0.8,0.3182,360.609,13,0.65,185.424,bursty,1
PRM,RISC-V-like,5,56.7691,92.83,14.4235,0.9724,0.02697,3,0.6,0.2717,360.609,6,0.3,185.424,bursty,1
Contextual Bandit RL,RISC-V-like,5,124.5843,160.6452,6.1343,0.9724,0.02697,5,1.0,0.9815,360.609,34,1.7,185.424,bursty,1
Proposed Hybrid,RISC-V-like,5,89.7213,125.7822,12.2213,0.9724,0.02697,4,0.8,0.8276,360.609,34,1.7,185.424,bursty,1
PRR,RISC-V-like,5,20.8082,42.4864,18.4125,0.9764,0.04504,1,0.2,0.4513,216.783,5,0.25,111.011,bursty,2
PRM,RISC-V-like,5,24.7212,46.3995,22.3256,0.9764,0.04504,2,0.4,0.3869,216.783,5,0.25,111.011,bursty,2
Contextual Bandit RL,RISC-V-like,5,49.3995,71.0777,15.2408,0.9764,0.04504,4,0.8,0.6624,216.783,16,0.8,111.011,bursty,2
Proposed Hybrid,RISC-V-like,5,24.2864,45.9647,12.3299,0.9764,0.04504,1,0.2,0.69,216.783,13,0.65,111.011,bursty,2
PRR,RISC-V-like,5,52.5185,79.2772,13.6468,0.9936,0.03713,3,0.6,0.2902,267.587,15,0.75,134.653,bursty,3
PRM,RISC-V-like,5,59.0316,85.7903,38.6685,0.9936,0.03713,3,0.6,0.2347,267.587,5,0.25,134.653,bursty,3
Contextual Bandit RL,RISC-V-like,5,81.3729,108.1316,6.2946,0.9936,0.03713,4,0.8,0.8088,267.587,21,1.05,134.653,bursty,3
Proposed Hybrid,RISC-V-like,5,57.549,84.3077,15.8598,0.9936,0.03713,4,0.8,0.9171,267.587,20,1.0,134.653,bursty,3
PRR,RISC-V-like,5,58.6385,94.1407,50.2603,0.9496,0.02675,3,0.6,0.7506,355.022,14,0.7,186.941,bursty,4
PRM,RISC-V-like,5,65.4037,100.9059,65.4037,0.9496,0.02675,2,0.4,0.2289,355.022,4,0.2,186.941,bursty,4
Contextual Bandit RL,RISC-V-like,5,66.4646,101.9668,39.0733,0.9496,0.02675,3,0.6,0.6536,355.022,16,0.8,186.941,bursty,4
Proposed Hybrid,RISC-V-like,5,69.9429,105.445,26.7407,0.9496,0.02675,3,0.6,0.3121,355.022,18,0.9,186.941,bursty,4
PRR,RISC-V-like,5,40.6918,71.8092,18.3027,0.9508,0.03056,3,0.6,0.316,311.174,7,0.35,163.637,bursty,5
PRM,RISC-V-like,5,37.5766,68.694,31.8092,0.9508,0.03056,3,0.6,0.3888,311.174,6,0.3,163.637,bursty,5
Contextual Bandit RL,RISC-V-like,5,65.0266,96.144,16.2592,0.9508,0.03056,5,1.0,0.3462,311.174,22,1.1,163.637,bursty,5
Proposed Hybrid,RISC-V-like,5,43.5157,74.6331,12.0462,0.9508,0.03056,4,0.8,0.697,311.174,16,0.8,163.637,bursty,5
PRR,RISC-V-like,5,4.674,22.2001,4.674,0.9322,0.05319,2,0.4,0.5677,157.735,4,0.2,94.005,mixed,1
PRM,RISC-V-like,5,15.0544,32.5805,15.0544,0.9322,0.05319,2,0.4,0.5204,157.735,4,0.2,94.005,mixed,1
Contextual Bandit RL,RISC-V-like,5,7.061,24.587,3.6827,0.9322,0.05319,1,0.2,0.4426,157.735,7,0.35,94.005,mixed,1
Proposed Hybrid,RISC-V-like,5,5.361,22.887,5.361,0.9322,0.05319,2,0.4,0.5232,157.735,4,0.2,94.005,mixed,1
PRR,RISC-V-like,5,25.05,38.4043,21.7804,0.9551,0.07152,3,0.6,0.4431,120.189,5,0.25,69.912,mixed,2
PRM,RISC-V-like,5,21.5739,34.9283,13.7804,0.9551,0.07152,3,0.6,0.4709,120.189,6,0.3,69.912,mixed,2
Contextual Bandit RL,RISC-V-like,5,7.3065,20.6609,4.337,0.9551,0.07152,2,0.4,0.8678,120.189,6,0.3,69.912,mixed,2
Proposed Hybrid,RISC-V-like,5,20.0848,33.4391,15.3761,0.9551,0.07152,3,0.6,0.6173,120.189,8,0.4,69.912,mixed,2
PRR,RISC-V-like,5,7.1129,16.6259,3.4737,0.9788,0.10289,1,0.2,0.5052,85.617,5,0.25,48.595,mixed,3
PRM,RISC-V-like,5,7.1129,16.6259,3.4737,0.9788,0.10289,1,0.2,0.5052,85.617,5,0.25,48.595,mixed,3
Contextual Bandit RL,RISC-V-like,5,7.1129,16.6259,3.4737,0.9788,0.10289,1,0.2,0.5052,85.617,5,0.25,48.595,mixed,3
Proposed Hybrid,RISC-V-like,5,7.1129,16.6259,3.4737,0.9788,0.10289,1,0.2,0.5052,85.617,5,0.25,48.595,mixed,3
PRR,RISC-V-like,5,15.4555,27.2685,13.3577,0.8392,0.07104,3,0.6,0.3099,106.317,7,0.35,70.385,mixed,4
PRM,RISC-V-like,5,17.6794,29.4924,6.6207,0.8392,0.07104,3,0.6,0.4936,106.317,6,0.3,70.385,mixed,4
Contextual Bandit RL,RISC-V-like,5,22.999,34.812,8.6033,0.8392,0.07104,3,0.6,0.6926,106.317,9,0.45,70.385,mixed,4
Proposed Hybrid,RISC-V-like,5,18.5511,30.3642,11.6446,0.8392,0.07104,3,0.6,0.856,106.317,8,0.4,70.385,mixed,4
PRR,RISC-V-like,5,29.0707,45.2663,25.5946,0.8934,0.05516,4,0.8,0.5299,145.761,8,0.4,90.638,mixed,5
PRM,RISC-V-like,5,36.0229,52.2185,36.0229,0.8934,0.05516,4,0.8,0.2443,145.761,4,0.2,90.638,mixed,5
Contextual Bandit RL,RISC-V-like,5,31.8816,48.0772,27.4555,0.8934,0.05516,4,0.8,0.3601,145.761,8,0.4,90.638,mixed,5
Proposed Hybrid,RISC-V-like,5,23.4316,39.6272,18.1707,0.8934,0.05516,4,0.8,0.747,145.761,7,0.35,90.638,mixed,5
PRR,RISC-V-like,10,0.6164,6.8773,0.6164,0.6358,0.10155,0,0.0,0.8728,62.609,9,0.45,98.473,light,1
PRM,RISC-V-like,10,0.6164,6.8773,0.6164,0.6358,0.10155,0,0.0,0.8728,62.609,9,0.45,98.473,light,1
Contextual Bandit RL,RISC-V-like,10,0.6164,6.8773,0.6164,0.6358,0.10155,0,0.0,0.8728,62.609,9,0.45,98.473,light,1
Proposed Hybrid,RISC-V-like,10,0.6164,6.8773,0.6164,0.6358,0.10155,0,0.0,0.8728,62.609,9,0.45,98.473,light,1
PRR,RISC-V-like,10,-0.0,5.1522,0.0,0.448,0.08696,0,0.0,1.0,51.522,9,0.45,114.997,light,2
PRM,RISC-V-like,10,-0.0,5.1522,0.0,0.448,0.08696,0,0.0,1.0,51.522,9,0.45,114.997,light,2
Contextual Bandit RL,RISC-V-like,10,-0.0,5.1522,0.0,0.448,0.08696,0,0.0,1.0,51.522,9,0.45,114.997,light,2
Proposed Hybrid,RISC-V-like,10,-0.0,5.1522,0.0,0.448,0.08696,0,0.0,1.0,51.522,9,0.45,114.997,light,2
PRR,RISC-V-like,10,0.027,5.8759,0.027,0.5606,0.09585,0,0.0,0.9958,58.489,9,0.45,104.33,light,3
PRM,RISC-V-like,10,0.027,5.8759,0.027,0.5606,0.09585,0,0.0,0.9958,58.489,9,0.45,104.33,light,3
Contextual Bandit RL,RISC-V-like,10,0.027,5.8759,0.027,0.5606,0.09585,0,0.0,0.9958,58.489,9,0.45,104.33,light,3
Proposed Hybrid,RISC-V-like,10,0.027,5.8759,0.027,0.5606,0.09585,0,0.0,0.9958,58.489,9,0.45,104.33,light,3
PRR,RISC-V-like,10,-0.0,5.7533,0.0,0.4934,0.08576,0,0.0,1.0,57.533,9,0.45,116.603,light,4
PRM,RISC-V-like,10,-0.0,5.7533,0.0,0.4934,0.08576,0,0.0,1.0,57.533,9,0.45,116.603,light,4
Contextual Bandit RL,RISC-V-like,10,-0.0,5.7533,0.0,0.4934,0.08576,0,0.0,1.0,57.533,9,0.45,116.603,light,4
Proposed Hybrid,RISC-V-like,10,-0.0,5.7533,0.0,0.4934,0.08576,0,0.0,1.0,57.533,9,0.45,116.603,light,4
PRR,RISC-V-like,10,-0.0,5.6391,0.0,0.4622,0.08196,0,0.0,1.0,56.391,9,0.45,122.007,light,5
PRM,RISC-V-like,10,-0.0,5.6391,0.0,0.4622,0.08196,0,0.0,1.0,56.391,9,0.45,122.007,light,5
Contextual Bandit RL,RISC-V-like,10,-0.0,5.6391,0.0,0.4622,0.08196,0,0.0,1.0,56.391,9,0.45,122.007,light,5
Proposed Hybrid,RISC-V-like,10,-0.0,5.6391,0.0,0.4622,0.08196,0,0.0,1.0,56.391,9,0.45,122.007,light,5
PRR,RISC-V-like,10,64.5273,80.1806,47.0643,0.9686,0.06188,8,0.8,0.2941,234.799,15,0.75,161.603,normal,1
PRM,RISC-V-like,10,56.349,72.0023,34.7056,0.9686,0.06188,7,0.7,0.3032,234.799,12,0.6,161.603,normal,1
Contextual Bandit RL,RISC-V-like,10,84.6132,100.2664,12.199,0.9686,0.06188,9,0.9,0.6057,234.799,32,1.6,161.603,normal,1
Proposed Hybrid,RISC-V-like,10,76.4349,92.0882,42.6306,0.9686,0.06188,9,0.9,0.4342,234.799,25,1.25,161.603,normal,1
PRR,RISC-V-like,10,30.8265,43.707,15.4743,0.973,0.07554,4,0.4,0.4883,193.207,20,1.0,132.374,normal,2
PRM,RISC-V-like,10,27.1407,40.0211,25.5722,0.973,0.07554,4,0.4,0.5869,193.207,11,0.55,132.374,normal,2
Contextual Bandit RL,RISC-V-like,10,41.8993,54.7798,9.3972,0.973,0.07554,7,0.7,0.2811,193.207,22,1.1,132.374,normal,2
Proposed Hybrid,RISC-V-like,10,31.5928,44.4733,20.6537,0.973,0.07554,6,0.6,0.4469,193.207,18,0.9,132.374,normal,2
PRR,RISC-V-like,10,52.2657,66.8875,33.3886,0.9831,0.06724,8,0.8,0.2597,219.326,23,1.15,148.727,normal,3
PRM,RISC-V-like,10,55.9049,70.5266,43.0723,0.9831,0.06724,7,0.7,0.3343,219.326,11,0.55,148.727,normal,3
Contextual Bandit RL,RISC-V-like,10,74.3201,88.9418,2.9701,0.9831,0.06724,9,0.9,0.3884,219.326,32,1.6,148.727,normal,3
Proposed Hybrid,RISC-V-like,10,47.2907,61.9125,24.8581,0.9831,0.06724,8,0.8,0.3904,219.326,26,1.3,148.727,normal,3
PRR,RISC-V-like,10,39.8399,54.2269,36.9138,0.9494,0.06599,7,0.7,0.6055,215.804,17,0.85,151.53,normal,4
PRM,RISC-V-like,10,47.3106,61.6975,42.5269,0.9494,0.06599,6,0.6,0.2252,215.804,11,0.55,151.53,normal,4
Contextual Bandit RL,RISC-V-like,10,52.1334,66.5203,34.7073,0.9494,0.06599,7,0.7,0.5855,215.804,25,1.25,151.53,normal,4
Proposed Hybrid,RISC-V-like,10,51.2051,65.5921,24.4508,0.9494,0.06599,8,0.8,0.1441,215.804,29,1.45,151.53,normal,4
PRR,RISC-V-like,10,41.8722,55.9711,32.3744,0.9538,0.06765,8,0.8,0.2075,211.484,16,0.8,147.819,normal,5
PRM,RISC-V-like,10,34.5179,48.6168,30.4831,0.9538,0.06765,6,0.6,0.3193,211.484,13,0.65,147.819,normal,5
Contextual Bandit RL,RISC-V-like,10,53.4613,67.5603,16.7972,0.9538,0.06765,7,0.7,0.1896,211.484,29,1.45,147.819,normal,5
Proposed Hybrid,RISC-V-like,10,46.5244,60.6233,22.582,0.9538,0.06765,9,0.9,0.5874,211.484,28,1.4,147.819,normal,5
PRR,RISC-V-like,10,227.8465,276.8389,169.8117,0.9938,0.02029,9,0.9,0.1455,1224.81,42,2.1,492.974,cpu_heavy,1
PRM,RISC-V-like,10,198.9628,247.9552,135.1215,0.9938,0.02029,8,0.8,0.1449,1224.81,12,0.6,492.974,cpu_heavy,1
Contextual Bandit RL,RISC-V-like,10,309.5813,358.5737,71.3432,0.9938,0.02029,9,0.9,0.3783,1224.81,83,4.15,492.974,cpu_heavy,1
Proposed Hybrid,RISC-V-like,10,285.9106,334.903,81.916,0.9938,0.02029,9,0.9,0.2411,1224.81,73,3.65,492.974,cpu_heavy,1
PRR,RISC-V-like,10,174.4648,216.0594,136.0213,0.9951,0.02392,8,0.8,0.1746,1039.864,62,3.1,417.996,cpu_heavy,2
PRM,RISC-V-like,10,156.9833,198.5779,153.992,0.9951,0.02392,8,0.8,0.1291,1039.864,10,0.5,417.996,cpu_heavy,2
Contextual Bandit RL,RISC-V-like,10,273.4453,315.0398,52.4398,0.9951,0.02392,9,0.9,0.1724,1039.864,81,4.05,417.996,cpu_heavy,2
Proposed Hybrid,RISC-V-like,10,206.8844,248.479,77.6322,0.9951,0.02392,8,0.8,0.2648,1039.864,67,3.35,417.996,cpu_heavy,2
PRR,RISC-V-like,10,202.3629,248.5977,137.1661,0.9971,0.02157,9,0.9,0.125,1155.87,60,3.0,463.688,cpu_heavy,3
PRM,RISC-V-like,10,207.0487,253.2835,178.6574,0.9971,0.02157,8,0.8,0.1428,1155.87,10,0.5,463.688,cpu_heavy,3
Contextual Bandit RL,RISC-V-like,10,277.1433,323.3781,75.1118,0.9971,0.02157,9,0.9,0.2957,1155.87,82,4.1,463.688,cpu_heavy,3
Proposed Hybrid,RISC-V-like,10,257.7966,304.0313,65.2585,0.9971,0.02157,9,0.9,0.3504,1155.87,84,4.2,463.688,cpu_heavy,3
PRR,RISC-V-like,10,193.0671,238.6769,173.2758,0.9896,0.0217,8,0.8,0.5655,1140.245,56,2.8,460.868,cpu_heavy,4
PRM,RISC-V-like,10,202.1812,247.791,202.1812,0.9896,0.0217,8,0.8,0.1136,1140.245,9,0.45,460.868,cpu_heavy,4
Contextual Bandit RL,RISC-V-like,10,292.5269,338.1367,77.8084,0.9896,0.0217,9,0.9,0.2718,1140.245,87,4.35,460.868,cpu_heavy,4
Proposed Hybrid,RISC-V-like,10,271.9975,317.6073,49.7084,0.9896,0.0217,9,0.9,0.3044,1140.245,91,4.55,460.868,cpu_heavy,4
PRR,RISC-V-like,10,194.3038,239.1473,155.093,0.9907,0.02209,8,0.8,0.1433,1121.087,43,2.15,452.655,cpu_heavy,5
PRM,RISC-V-like,10,171.744,216.5875,161.2832,0.9907,0.02209,8,0.8,0.1607,1121.087,10,0.5,452.655,cpu_heavy,5
Contextual Bandit RL,RISC-V-like,10,297.8136,342.6571,43.0125,0.9907,0.02209,9,0.9,0.4698,1121.087,88,4.4,452.655,cpu_heavy,5
Proposed Hybrid,RISC-V-like,10,262.2419,307.0853,71.3049,0.9907,0.02209,9,0.9,0.3174,1121.087,92,4.6,452.655,cpu_heavy,5
PRR,RISC-V-like,10,160.2607,195.1367,98.1291,0.9855,0.02826,9,0.9,0.1449,697.522,27,1.35,353.881,bursty,1
PRM,RISC-V-like,10,128.04,162.9161,80.7607,0.9855,0.02826,8,0.8,0.1661,697.522,12,0.6,353.881,bursty,1
Contextual Bandit RL,RISC-V-like,10,224.9943,259.8704,9.902,0.9855,0.02826,9,0.9,0.3224,697.522,64,3.2,353.881,bursty,1
Proposed Hybrid,RISC-V-like,10,194.9139,229.79,61.7378,0.9855,0.02826,9,0.9,0.4443,697.522,68,3.4,353.881,bursty,1
PRR,RISC-V-like,10,75.726,101.726,46.1651,0.99,0.03808,5,0.5,0.2928,520.0,29,1.45,262.62,bursty,2
PRM,RISC-V-like,10,73.1107,99.1107,71.1357,0.99,0.03808,4,0.4,0.3117,520.0,11,0.55,262.62,bursty,2
Contextual Bandit RL,RISC-V-like,10,149.8325,175.8325,47.2488,0.99,0.03808,9,0.9,0.1988,520.0,44,2.2,262.62,bursty,2
Proposed Hybrid,RISC-V-like,10,81.0575,107.0575,15.5303,0.99,0.03808,6,0.6,0.4374,520.0,39,1.95,262.62,bursty,2
PRR,RISC-V-like,10,122.1462,153.7147,82.1332,0.9973,0.03159,9,0.9,0.1665,631.37,37,1.85,316.545,bursty,3
PRM,RISC-V-like,10,136.0093,167.5777,107.1234,0.9973,0.03159,7,0.7,0.1631,631.37,11,0.55,316.545,bursty,3
Contextual Bandit RL,RISC-V-like,10,169.1495,200.718,35.4995,0.9973,0.03159,9,0.9,0.4248,631.37,48,2.4,316.545,bursty,3
Proposed Hybrid,RISC-V-like,10,120.4267,151.9951,72.4897,0.9973,0.03159,8,0.8,0.4511,631.37,39,1.95,316.545,bursty,3
PRR,RISC-V-like,10,109.2961,140.1168,99.6766,0.9703,0.03148,8,0.8,0.5865,616.413,32,1.6,317.637,bursty,4
PRM,RISC-V-like,10,127.5374,158.3581,127.5374,0.9703,0.03148,7,0.7,0.1254,616.413,9,0.45,317.637,bursty,4
Contextual Bandit RL,RISC-V-like,10,167.4755,198.2961,41.8146,0.9703,0.03148,8,0.8,0.1815,616.413,58,2.9,317.637,bursty,4
Proposed Hybrid,RISC-V-like,10,157.5048,188.3255,38.7983,0.9703,0.03148,9,0.9,0.1713,616.413,55,2.75,317.637,bursty,4
PRR,RISC-V-like,10,111.2967,141.1945,92.1119,0.9738,0.03257,8,0.8,0.1735,597.957,23,1.15,307.028,bursty,5
PRM,RISC-V-like,10,87.9978,117.8956,82.6184,0.9738,0.03257,7,0.7,0.2911,597.957,12,0.6,307.028,bursty,5
Contextual Bandit RL,RISC-V-like,10,181.9108,211.8087,47.8293,0.9738,0.03257,10,1.0,0.1612,597.957,62,3.1,307.028,bursty,5
Proposed Hybrid,RISC-V-like,10,131.1413,161.0391,43.9858,0.9738,0.03257,9,0.9,0.4076,597.957,51,2.55,307.028,bursty,5
PRR,RISC-V-like,10,45.2947,65.323,29.3089,0.9692,0.04839,6,0.6,0.3617,360.509,24,1.2,206.657,mixed,1
PRM,RISC-V-like,10,49.2871,69.3154,49.2871,0.9692,0.04839,6,0.6,0.3058,360.509,9,0.45,206.657,mixed,1
Contextual Bandit RL,RISC-V-like,10,56.636,76.6643,22.6034,0.9692,0.04839,7,0.7,0.2537,360.509,32,1.6,206.657,mixed,1
Proposed Hybrid,RISC-V-like,10,43.2295,63.2578,35.1773,0.9692,0.04839,6,0.6,0.3082,360.509,14,0.7,206.657,mixed,1
PRR,RISC-V-like,10,53.0738,68.7151,49.4488,0.9803,0.06268,7,0.7,0.2288,281.543,15,0.75,159.553,mixed,2
PRM,RISC-V-like,10,43.1314,58.7727,36.9108,0.9803,0.06268,7,0.7,0.2674,281.543,12,0.6,159.553,mixed,2
Contextual Bandit RL,RISC-V-like,10,30.1195,45.7608,19.2608,0.9803,0.06268,7,0.7,0.603,281.543,14,0.7,159.553,mixed,2
Proposed Hybrid,RISC-V-like,10,34.7869,50.4282,30.5184,0.9803,0.06268,7,0.7,0.5081,281.543,15,0.75,159.553,mixed,2
PRR,RISC-V-like,10,61.9184,82.8043,43.3836,0.9951,0.04764,4,0.4,0.2712,375.946,14,0.7,209.889,mixed,3
PRM,RISC-V-like,10,52.4108,73.2967,34.4619,0.9951,0.04764,5,0.5,0.2706,375.946,10,0.5,209.889,mixed,3
Contextual Bandit RL,RISC-V-like,10,54.2575,75.1434,33.8673,0.9951,0.04764,6,0.6,0.2592,375.946,16,0.8,209.889,mixed,3
Proposed Hybrid,RISC-V-like,10,37.8043,58.6901,25.7412,0.9951,0.04764,6,0.6,0.2323,375.946,20,1.0,209.889,mixed,3
PRR,RISC-V-like,10,22.649,32.9132,17.3621,0.9007,0.08775,6,0.6,0.3179,184.754,17,0.85,113.961,mixed,4
PRM,RISC-V-like,10,28.6458,38.9099,20.5023,0.9007,0.08775,6,0.6,0.4021,184.754,12,0.6,113.961,mixed,4
Contextual Bandit RL,RISC-V-like,10,43.161,53.4251,10.7773,0.9007,0.08775,9,0.9,0.4406,184.754,19,0.95,113.961,mixed,4
Proposed Hybrid,RISC-V-like,10,26.2784,36.5425,14.1697,0.9007,0.08775,7,0.7,0.72,184.754,20,1.0,113.961,mixed,4
PRR,RISC-V-like,10,49.7763,65.9709,42.7753,0.9437,0.05827,8,0.8,0.4061,291.502,16,0.8,171.606,mixed,5
PRM,RISC-V-like,10,50.0807,66.2753,48.0329,0.9437,0.05827,7,0.7,0.2181,291.502,11,0.55,171.606,mixed,5
Contextual Bandit RL,RISC-V-like,10,64.9187,81.1133,28.9329,0.9437,0.05827,9,0.9,0.6866,291.502,21,1.05,171.606,mixed,5
Proposed Hybrid,RISC-V-like,10,40.9861,57.1807,29.609,0.9437,0.05827,7,0.7,0.5395,291.502,21,1.05,171.606,mixed,5
PRR,RISC-V-like,20,0.3327,6.3876,0.3327,0.5813,0.096,0,0.0,0.9303,121.098,19,0.95,208.34,light,1
PRM,RISC-V-like,20,0.3327,6.3876,0.3327,0.5813,0.096,0,0.0,0.9303,121.098,19,0.95,208.34,light,1
Contextual Bandit RL,RISC-V-like,20,0.3327,6.3876,0.3327,0.5813,0.096,0,0.0,0.9303,121.098,19,0.95,208.34,light,1
Proposed Hybrid,RISC-V-like,20,0.3327,6.3876,0.3327,0.5813,0.096,0,0.0,0.9303,121.098,19,0.95,208.34,light,1
PRR,RISC-V-like,20,0.234,5.7823,0.234,0.5462,0.09844,1,0.05,0.9532,110.967,19,0.95,203.163,light,2
PRM,RISC-V-like,20,0.234,5.7823,0.234,0.5462,0.09844,1,0.05,0.9532,110.967,19,0.95,203.163,light,2
Contextual Bandit RL,RISC-V-like,20,0.234,5.7823,0.234,0.5462,0.09844,1,0.05,0.9532,110.967,19,0.95,203.163,light,2
Proposed Hybrid,RISC-V-like,20,0.234,5.7823,0.234,0.5462,0.09844,1,0.05,0.9532,110.967,19,0.95,203.163,light,2
PRR,RISC-V-like,20,0.0333,5.6969,0.0333,0.548,0.09675,0,0.0,0.9941,113.272,19,0.95,206.718,light,3
PRM,RISC-V-like,20,0.0333,5.6969,0.0333,0.548,0.09675,0,0.0,0.9941,113.272,19,0.95,206.718,light,3
Contextual Bandit RL,RISC-V-like,20,0.0333,5.6969,0.0333,0.548,0.09675,0,0.0,0.9941,113.272,19,0.95,206.718,light,3
Proposed Hybrid,RISC-V-like,20,0.0333,5.6969,0.0333,0.548,0.09675,0,0.0,0.9941,113.272,19,0.95,206.718,light,3
PRR,RISC-V-like,20,-0.0,5.3984,0.0,0.468,0.08669,0,0.0,1.0,107.967,19,0.95,230.706,light,4
PRM,RISC-V-like,20,-0.0,5.3984,0.0,0.468,0.08669,0,0.0,1.0,107.967,19,0.95,230.706,light,4
Contextual Bandit RL,RISC-V-like,20,-0.0,5.3984,0.0,0.468,0.08669,0,0.0,1.0,107.967,19,0.95,230.706,light,4
Proposed Hybrid,RISC-V-like,20,-0.0,5.3984,0.0,0.468,0.08669,0,0.0,1.0,107.967,19,0.95,230.706,light,4
PRR,RISC-V-like,20,0.0,5.7321,0.0,0.5054,0.08817,0,0.0,1.0,114.641,19,0.95,226.843,light,5
PRM,RISC-V-like,20,0.0,5.7321,0.0,0.5054,0.08817,0,0.0,1.0,114.641,19,0.95,226.843,light,5
Contextual Bandit RL,RISC-V-like,20,0.0,5.7321,0.0,0.5054,0.08817,0,0.0,1.0,114.641,19,0.95,226.843,light,5
Proposed Hybrid,RISC-V-like,20,0.0,5.7321,0.0,0.5054,0.08817,0,0.0,1.0,114.641,19,0.95,226.843,light,5
PRR,RISC-V-like,20,118.6987,133.8367,92.7698,0.9835,0.06497,16,0.8,0.1989,454.141,48,2.4,307.831,normal,1
PRM,RISC-V-like,20,108.6492,123.7872,78.284,0.9835,0.06497,14,0.7,0.2492,454.141,25,1.25,307.831,normal,1
Contextual Bandit RL,RISC-V-like,20,172.5378,187.6758,25.5291,0.9835,0.06497,18,0.9,0.0798,454.141,67,3.35,307.831,normal,1
Proposed Hybrid,RISC-V-like,20,135.0416,150.1796,85.9954,0.9835,0.06497,18,0.9,0.3046,454.141,58,2.9,307.831,normal,1
PRR,RISC-V-like,20,82.3156,96.1885,53.2635,0.9873,0.07117,12,0.6,0.3297,416.185,47,2.35,281.027,normal,2
PRM,RISC-V-like,20,71.5129,85.3857,67.3569,0.9873,0.07117,13,0.65,0.2821,416.185,23,1.15,281.027,normal,2
Contextual Bandit RL,RISC-V-like,20,123.5781,137.451,20.1433,0.9873,0.07117,17,0.85,0.1167,416.185,56,2.8,281.027,normal,2
Proposed Hybrid,RISC-V-like,20,83.164,97.0368,50.0433,0.9873,0.07117,15,0.75,0.2467,416.185,52,2.6,281.027,normal,2
PRR,RISC-V-like,20,101.5053,115.6646,76.6543,0.9912,0.07,17,0.85,0.2204,424.777,57,2.85,285.695,normal,3
PRM,RISC-V-like,20,95.0412,109.2005,86.2972,0.9912,0.07,16,0.8,0.2548,424.777,22,1.1,285.695,normal,3
Contextual Bandit RL,RISC-V-like,20,151.0559,165.2151,8.0918,0.9912,0.07,18,0.9,0.1902,424.777,62,3.1,285.695,normal,3
Proposed Hybrid,RISC-V-like,20,111.3418,125.501,59.8255,0.9912,0.07,18,0.9,0.2773,424.777,59,2.95,285.695,normal,3
PRR,RISC-V-like,20,77.4033,90.9017,66.3538,0.9724,0.07204,13,0.65,0.4398,404.951,48,2.4,277.627,normal,4
PRM,RISC-V-like,20,88.819,102.3174,80.1489,0.9724,0.07204,13,0.65,0.2398,404.951,22,1.1,277.627,normal,4
Contextual Bandit RL,RISC-V-like,20,113.5913,127.0897,59.619,0.9724,0.07204,17,0.85,0.1834,404.951,53,2.65,277.627,normal,4
Proposed Hybrid,RISC-V-like,20,107.6843,121.1826,46.1919,0.9724,0.07204,18,0.9,0.082,404.951,61,3.05,277.627,normal,4
PRR,RISC-V-like,20,90.4223,104.7533,73.2788,0.9767,0.06815,15,0.75,0.2628,429.929,47,2.35,293.45,normal,5
PRM,RISC-V-like,20,84.2505,98.5815,73.7424,0.9767,0.06815,13,0.65,0.2203,429.929,25,1.25,293.45,normal,5
Contextual Bandit RL,RISC-V-like,20,125.3788,139.7098,40.9,0.9767,0.06815,17,0.85,0.0998,429.929,61,3.05,293.45,normal,5
Proposed Hybrid,RISC-V-like,20,113.8598,128.1908,47.4136,0.9767,0.06815,17,0.85,0.135,429.929,57,2.85,293.45,normal,5
PRR,RISC-V-like,20,472.9607,520.577,363.5205,0.9968,0.02093,19,0.95,0.5164,2380.815,170,8.5,955.376,cpu_heavy,1
PRM,RISC-V-like,20,419.2553,466.8716,342.0678,0.9968,0.02093,18,0.9,0.1058,2380.815,23,1.15,955.376,cpu_heavy,1
Contextual Bandit RL,RISC-V-like,20,677.4477,725.064,128.496,0.9968,0.02093,19,0.95,0.0876,2380.815,196,9.8,955.376,cpu_heavy,1
Proposed Hybrid,RISC-V-like,20,619.0553,666.6716,186.4161,0.9968,0.02093,19,0.95,0.1518,2380.815,189,9.45,955.376,cpu_heavy,1
PRR,RISC-V-like,20,406.2021,450.4413,334.4315,0.9977,0.02255,19,0.95,0.0614,2211.957,165,8.25,886.833,cpu_heavy,2
PRM,RISC-V-like,20,371.8847,416.1239,367.2864,0.9977,0.02255,18,0.9,0.1009,2211.957,21,1.05,886.833,cpu_heavy,2
Contextual Bandit RL,RISC-V-like,20,624.5576,668.7967,173.1712,0.9977,0.02255,19,0.95,0.1425,2211.957,184,9.2,886.833,cpu_heavy,2
Proposed Hybrid,RISC-V-like,20,555.6891,599.9282,118.926,0.9977,0.02255,19,0.95,0.1407,2211.957,194,9.7,886.833,cpu_heavy,2
PRR,RISC-V-like,20,430.8953,475.8963,342.8844,0.9985,0.02219,18,0.9,0.1053,2250.054,162,8.1,901.362,cpu_heavy,3
PRM,RISC-V-like,20,413.4594,458.4605,394.7741,0.9985,0.02219,18,0.9,0.0769,2250.054,20,1.0,901.362,cpu_heavy,3
Contextual Bandit RL,RISC-V-like,20,634.9382,679.9393,146.5393,0.9985,0.02219,18,0.9,0.0962,2250.054,182,9.1,901.362,cpu_heavy,3
Proposed Hybrid,RISC-V-like,20,549.5703,594.5713,161.8474,0.9985,0.02219,19,0.95,0.2155,2250.054,193,9.65,901.362,cpu_heavy,3
PRR,RISC-V-like,20,390.8296,434.0687,338.1518,0.9945,0.023,19,0.95,0.4859,2161.957,162,8.1,869.553,cpu_heavy,4
PRM,RISC-V-like,20,401.1312,444.3703,394.5198,0.9945,0.023,18,0.9,0.1021,2161.957,21,1.05,869.553,cpu_heavy,4
Contextual Bandit RL,RISC-V-like,20,636.1296,679.3687,147.2176,0.9945,0.023,20,1.0,0.1097,2161.957,183,9.15,869.553,cpu_heavy,4
Proposed Hybrid,RISC-V-like,20,561.4834,604.7225,110.0008,0.9945,0.023,19,0.95,0.1797,2161.957,175,8.75,869.553,cpu_heavy,4
PRR,RISC-V-like,20,427.5518,473.0137,332.048,0.9954,0.02189,17,0.85,0.1048,2273.098,160,8.0,913.459,cpu_heavy,5
PRM,RISC-V-like,20,399.0382,444.5002,377.5811,0.9954,0.02189,17,0.85,0.0655,2273.098,22,1.1,913.459,cpu_heavy,5
Contextual Bandit RL,RISC-V-like,20,676.8529,722.3148,79.4665,0.9954,0.02189,19,0.95,0.2325,2273.098,189,9.45,913.459,cpu_heavy,5
Proposed Hybrid,RISC-V-like,20,564.8909,610.3529,132.8583,0.9954,0.02189,19,0.95,0.2385,2273.098,193,9.65,913.459,cpu_heavy,5
PRR,RISC-V-like,20,311.4367,344.6627,219.0106,0.9924,0.02987,18,0.9,0.4415,1329.043,104,5.2,669.642,bursty,1
PRM,RISC-V-like,20,263.6519,296.878,211.4899,0.9924,0.02987,17,0.85,0.1259,1329.043,23,1.15,669.642,bursty,1
Contextual Bandit RL,RISC-V-like,20,405.1459,438.372,46.0089,0.9924,0.02987,18,0.9,0.1798,1329.043,137,6.85,669.642,bursty,1
Proposed Hybrid,RISC-V-like,20,331.5024,364.7285,170.3736,0.9924,0.02987,19,0.95,0.2826,1329.043,113,5.65,669.642,bursty,1
PRR,RISC-V-like,20,214.5753,243.7487,148.8644,0.9955,0.03412,14,0.7,0.1905,1166.935,98,4.9,586.087,bursty,2
PRM,RISC-V-like,20,198.5231,227.6965,190.3894,0.9955,0.03412,14,0.7,0.2198,1166.935,23,1.15,586.087,bursty,2
Contextual Bandit RL,RISC-V-like,20,326.672,355.8454,132.3905,0.9955,0.03412,19,0.95,0.2224,1166.935,111,5.55,586.087,bursty,2
Proposed Hybrid,RISC-V-like,20,235.1122,264.2856,87.2313,0.9955,0.03412,16,0.8,0.2875,1166.935,106,5.3,586.087,bursty,2
PRR,RISC-V-like,20,257.1514,287.2411,205.0878,0.9986,0.03319,18,0.9,0.1041,1203.587,95,4.75,602.653,bursty,3
PRM,RISC-V-like,20,254.4177,284.5074,236.978,0.9986,0.03319,17,0.85,0.0858,1203.587,21,1.05,602.653,bursty,3
Contextual Bandit RL,RISC-V-like,20,346.4541,376.5438,52.0232,0.9986,0.03319,19,0.95,0.1778,1203.587,118,5.9,602.653,bursty,3
Proposed Hybrid,RISC-V-like,20,309.8058,339.8954,129.7813,0.9986,0.03319,18,0.9,0.2693,1203.587,116,5.8,602.653,bursty,3
PRR,RISC-V-like,20,205.4476,233.4231,180.9943,0.9834,0.03515,18,0.9,0.3555,1119.022,96,4.8,568.941,bursty,4
PRM,RISC-V-like,20,238.0584,266.034,235.4296,0.9834,0.03515,16,0.8,0.1268,1119.022,21,1.05,568.941,bursty,4
Contextual Bandit RL,RISC-V-like,20,353.8215,381.797,77.5677,0.9834,0.03515,20,1.0,0.1577,1119.022,118,5.9,568.941,bursty,4
Proposed Hybrid,RISC-V-like,20,257.9927,285.9682,129.5573,0.9834,0.03515,18,0.9,0.1152,1119.022,105,5.25,568.941,bursty,4
PRR,RISC-V-like,20,246.2479,276.8887,193.3593,0.987,0.03221,15,0.75,0.1956,1225.63,97,4.85,620.865,bursty,5
PRM,RISC-V-like,20,224.0968,254.7376,208.086,0.987,0.03221,15,0.75,0.1916,1225.63,25,1.25,620.865,bursty,5
Contextual Bandit RL,RISC-V-like,20,354.8985,385.5392,87.3175,0.987,0.03221,19,0.95,0.1453,1225.63,123,6.15,620.865,bursty,5
Proposed Hybrid,RISC-V-like,20,303.9539,334.5947,83.3479,0.987,0.03221,19,0.95,0.2303,1225.63,122,6.1,620.865,bursty,5
PRR,RISC-V-like,20,123.2296,144.7247,86.5568,0.9854,0.04584,15,0.75,0.2022,773.824,68,3.4,436.277,mixed,1
PRM,RISC-V-like,20,151.1921,172.6872,150.4399,0.9854,0.04584,15,0.75,0.1884,773.824,20,1.0,436.277,mixed,1
Contextual Bandit RL,RISC-V-like,20,187.6193,209.1144,77.0736,0.9854,0.04584,16,0.8,0.1438,773.824,71,3.55,436.277,mixed,1
Proposed Hybrid,RISC-V-like,20,122.5019,143.997,88.316,0.9854,0.04584,16,0.8,0.1695,773.824,47,2.35,436.277,mixed,1
PRR,RISC-V-like,20,85.5834,98.4415,75.6236,0.9879,0.07683,16,0.8,0.1927,462.893,40,2.0,260.303,mixed,2
PRM,RISC-V-like,20,65.7274,78.5856,51.9731,0.9879,0.07683,14,0.7,0.2953,462.893,25,1.25,260.303,mixed,2
Contextual Bandit RL,RISC-V-like,20,73.922,86.7801,52.5823,0.9879,0.07683,15,0.75,0.1894,462.893,41,2.05,260.303,mixed,2
Proposed Hybrid,RISC-V-like,20,78.5339,91.3921,59.1796,0.9879,0.07683,16,0.8,0.3687,462.893,36,1.8,260.303,mixed,2
PRR,RISC-V-like,20,116.4085,135.8542,84.3047,0.9974,0.05129,15,0.75,0.21,700.043,52,2.6,389.943,mixed,3
PRM,RISC-V-like,20,102.7346,122.1803,81.3536,0.9974,0.05129,14,0.7,0.1924,700.043,22,1.1,389.943,mixed,3
Contextual Bandit RL,RISC-V-like,20,124.7987,144.2444,62.9112,0.9974,0.05129,15,0.75,0.1521,700.043,67,3.35,389.943,mixed,3
Proposed Hybrid,RISC-V-like,20,108.7678,128.2134,56.9841,0.9974,0.05129,16,0.8,0.1434,700.043,65,3.25,389.943,mixed,3
PRR,RISC-V-like,20,43.3518,53.1844,35.249,0.9456,0.09617,14,0.7,0.261,353.974,37,1.85,207.972,mixed,4
PRM,RISC-V-like,20,45.8909,55.7235,37.4583,0.9456,0.09617,13,0.65,0.428,353.974,23,1.15,207.972,mixed,4
Contextual Bandit RL,RISC-V-like,20,61.3871,71.2197,17.3925,0.9456,0.09617,16,0.8,0.2829,353.974,40,2.0,207.972,mixed,4
Proposed Hybrid,RISC-V-like,20,40.524,50.3567,24.5137,0.9456,0.09617,16,0.8,0.3545,353.974,37,1.85,207.972,mixed,4
PRR,RISC-V-like,20,114.8695,133.4222,100.5673,0.9746,0.05253,16,0.8,0.3326,667.898,42,2.1,380.714,mixed,5
PRM,RISC-V-like,20,99.1934,117.7461,96.0439,0.9746,0.05253,13,0.65,0.204,667.898,24,1.2,380.714,mixed,5
Contextual Bandit RL,RISC-V-like,20,190.6021,209.1548,47.357,0.9746,0.05253,19,0.95,0.4122,667.898,64,3.2,380.714,mixed,5
Proposed Hybrid,RISC-V-like,20,107.0075,125.5602,55.1385,0.9746,0.05253,14,0.7,0.3408,667.898,56,2.8,380.714,mixed,5
PRR,RISC-V-like,50,0.2793,6.0843,0.2793,0.5712,0.0984,1,0.02,0.9398,290.25,49,2.45,508.115,light,1
PRM,RISC-V-like,50,0.2793,6.0843,0.2793,0.5712,0.0984,1,0.02,0.9398,290.25,49,2.45,508.115,light,1
Contextual Bandit RL,RISC-V-like,50,0.2793,6.0843,0.2793,0.5712,0.0984,1,0.02,0.9398,290.25,49,2.45,508.115,light,1
Proposed Hybrid,RISC-V-like,50,0.2793,6.0843,0.2793,0.5712,0.0984,1,0.02,0.9398,290.25,49,2.45,508.115,light,1
PRR,RISC-V-like,50,0.2405,6.3774,0.2405,0.5954,0.09702,1,0.02,0.9504,306.848,49,2.45,515.37,light,2
PRM,RISC-V-like,50,0.2405,6.3774,0.2405,0.5954,0.09702,1,0.02,0.9504,306.848,49,2.45,515.37,light,2
Contextual Bandit RL,RISC-V-like,50,0.2405,6.3774,0.2405,0.5954,0.09702,1,0.02,0.9504,306.848,49,2.45,515.37,light,2
Proposed Hybrid,RISC-V-like,50,0.2405,6.3774,0.2405,0.5954,0.09702,1,0.02,0.9504,306.848,49,2.45,515.37,light,2
PRR,RISC-V-like,50,0.0937,5.7652,0.0937,0.557,0.09821,2,0.04,0.9811,283.576,49,2.45,509.108,light,3
PRM,RISC-V-like,50,0.0937,5.7652,0.0937,0.557,0.09821,2,0.04,0.9811,283.576,49,2.45,509.108,light,3
Contextual Bandit RL,RISC-V-like,50,0.0937,5.7652,0.0937,0.557,0.09821,2,0.04,0.9811,283.576,49,2.45,509.108,light,3
Proposed Hybrid,RISC-V-like,50,0.0937,5.7652,0.0937,0.557,0.09821,2,0.04,0.9811,283.576,49,2.45,509.108,light,3
PRR,RISC-V-like,50,0.0982,5.8669,0.0982,0.5303,0.09193,0,0.0,0.9807,288.435,49,2.45,543.906,light,4
PRM,RISC-V-like,50,0.0982,5.8669,0.0982,0.5303,0.09193,0,0.0,0.9807,288.435,49,2.45,543.906,light,4
Contextual Bandit RL,RISC-V-like,50,0.0982,5.8669,0.0982,0.5303,0.09193,0,0.0,0.9807,288.435,49,2.45,543.906,light,4
Proposed Hybrid,RISC-V-like,50,0.0982,5.8669,0.0982,0.5303,0.09193,0,0.0,0.9807,288.435,49,2.45,543.906,light,4
PRR,RISC-V-like,50,0.1884,5.821,0.1884,0.5589,0.09923,1,0.02,0.9635,281.63,49,2.45,503.882,light,5
PRM,RISC-V-like,50,0.2799,5.9125,0.1245,0.5589,0.09923,2,0.04,0.9654,281.63,50,2.5,503.882,light,5
Contextual Bandit RL,RISC-V-like,50,0.1884,5.821,0.1884,0.5589,0.09923,1,0.02,0.9635,281.63,49,2.45,503.882,light,5
Proposed Hybrid,RISC-V-like,50,0.2753,5.908,0.1245,0.5589,0.09923,1,0.02,0.9557,281.63,51,2.55,503.882,light,5
PRR,RISC-V-like,50,262.2954,276.8075,210.2819,0.9931,0.06843,45,0.9,0.1319,1088.413,167,8.35,730.679,normal,1
PRM,RISC-V-like,50,236.8425,251.3547,210.9343,0.9931,0.06843,39,0.78,0.2171,1088.413,59,2.95,730.679,normal,1
Contextual Bandit RL,RISC-V-like,50,347.5723,362.0845,101.5817,0.9931,0.06843,43,0.86,0.1427,1088.413,159,7.95,730.679,normal,1
Proposed Hybrid,RISC-V-like,50,280.0884,294.6006,170.203,0.9931,0.06843,45,0.9,0.0839,1088.413,145,7.25,730.679,normal,1
PRR,RISC-V-like,50,264.6817,280.0254,203.2296,0.9954,0.06487,38,0.76,0.1825,1150.777,163,8.15,770.755,normal,2
PRM,RISC-V-like,50,251.355,266.6987,242.7111,0.9954,0.06487,39,0.78,0.1921,1150.777,56,2.8,770.755,normal,2
Contextual Bandit RL,RISC-V-like,50,331.7274,347.0711,128.0402,0.9954,0.06487,41,0.82,0.156,1150.777,149,7.45,770.755,normal,2
Proposed Hybrid,RISC-V-like,50,289.2437,304.5874,162.2287,0.9954,0.06487,43,0.86,0.1435,1150.777,158,7.9,770.755,normal,2
PRR,RISC-V-like,50,256.0734,270.2531,207.8725,0.9965,0.07027,42,0.84,0.1609,1063.484,160,8.0,711.499,normal,3
PRM,RISC-V-like,50,239.031,253.2107,224.2123,0.9965,0.07027,41,0.82,0.1512,1063.484,62,3.1,711.499,normal,3
Contextual Bandit RL,RISC-V-like,50,359.8736,374.0534,68.8379,0.9965,0.07027,44,0.88,0.09,1063.484,164,8.2,711.499,normal,3
Proposed Hybrid,RISC-V-like,50,284.8227,299.0025,161.0729,0.9965,0.07027,43,0.86,0.1856,1063.484,153,7.65,711.499,normal,3
PRR,RISC-V-like,50,220.4761,234.8977,181.1983,0.9895,0.06861,37,0.74,0.3031,1081.614,144,7.2,728.736,normal,4
PRM,RISC-V-like,50,228.8913,243.3129,216.8366,0.9895,0.06861,36,0.72,0.178,1081.614,56,2.8,728.736,normal,4
Contextual Bandit RL,RISC-V-like,50,310.5448,324.9663,131.3661,0.9895,0.06861,40,0.8,0.158,1081.614,152,7.6,728.736,normal,4
Proposed Hybrid,RISC-V-like,50,254.704,269.1255,149.4144,0.9895,0.06861,43,0.86,0.0869,1081.614,159,7.95,728.736,normal,4
PRR,RISC-V-like,50,241.9542,256.0364,203.9988,0.9904,0.07033,42,0.84,0.1782,1056.163,150,7.5,710.939,normal,5
PRM,RISC-V-like,50,226.3938,240.476,210.8386,0.9904,0.07033,40,0.8,0.1814,1056.163,61,3.05,710.939,normal,5
Contextual Bandit RL,RISC-V-like,50,353.3273,367.4094,104.9092,0.9904,0.07033,43,0.86,0.1285,1056.163,157,7.85,710.939,normal,5
Proposed Hybrid,RISC-V-like,50,296.7736,310.8557,148.5588,0.9904,0.07033,45,0.9,0.1095,1056.163,157,7.85,710.939,normal,5
PRR,RISC-V-like,50,1145.2221,1191.1671,931.7019,0.9987,0.02174,50,1.0,0.4196,5743.125,532,26.6,2300.3,cpu_heavy,1
PRM,RISC-V-like,50,1037.0406,1082.9856,968.4184,0.9987,0.02174,47,0.94,0.043,5743.125,54,2.7,2300.3,cpu_heavy,1
Contextual Bandit RL,RISC-V-like,50,1754.2602,1800.2052,422.0354,0.9987,0.02174,47,0.94,0.0324,5743.125,491,24.55,2300.3,cpu_heavy,1
Proposed Hybrid,RISC-V-like,50,1366.3354,1412.2804,485.0556,0.9987,0.02174,49,0.98,0.0932,5743.125,492,24.6,2300.3,cpu_heavy,1
PRR,RISC-V-like,50,1174.9041,1223.0672,974.0739,0.9991,0.02075,49,0.98,0.0259,6020.38,548,27.4,2410.202,cpu_heavy,2
PRM,RISC-V-like,50,1130.973,1179.1361,1120.345,0.9991,0.02075,47,0.94,0.0424,6020.38,52,2.6,2410.202,cpu_heavy,2
Contextual Bandit RL,RISC-V-like,50,1846.2254,1894.3885,462.2259,0.9991,0.02075,48,0.96,0.0264,6020.38,512,25.6,2410.202,cpu_heavy,2
Proposed Hybrid,RISC-V-like,50,1422.6061,1470.7691,434.653,0.9991,0.02075,47,0.94,0.0878,6020.38,523,26.15,2410.202,cpu_heavy,2
PRR,RISC-V-like,50,1131.1765,1176.2334,925.5056,0.9994,0.02218,49,0.98,0.0281,5632.12,509,25.45,2254.188,cpu_heavy,3
PRM,RISC-V-like,50,1057.9849,1103.0419,1017.3115,0.9994,0.02218,47,0.94,0.0523,5632.12,75,3.75,2254.188,cpu_heavy,3
Contextual Bandit RL,RISC-V-like,50,1673.4573,1718.5143,363.226,0.9994,0.02218,47,0.94,0.0695,5632.12,479,23.95,2254.188,cpu_heavy,3
Proposed Hybrid,RISC-V-like,50,1341.991,1387.048,517.9926,0.9994,0.02218,47,0.94,0.1104,5632.12,497,24.85,2254.188,cpu_heavy,3
PRR,RISC-V-like,50,1078.8855,1124.5896,914.5875,0.9979,0.02183,48,0.96,0.1275,5713.016,518,25.9,2289.977,cpu_heavy,4
PRM,RISC-V-like,50,1047.4494,1093.1536,1034.8673,0.9979,0.02183,46,0.92,0.0517,5713.016,52,2.6,2289.977,cpu_heavy,4
Contextual Bandit RL,RISC-V-like,50,1792.3244,1838.0286,412.8607,0.9979,0.02183,48,0.96,0.0766,5713.016,488,24.4,2289.977,cpu_heavy,4
Proposed Hybrid,RISC-V-like,50,1253.7088,1299.4129,428.2162,0.9979,0.02183,48,0.96,0.1038,5713.016,494,24.7,2289.977,cpu_heavy,4
PRR,RISC-V-like,50,1093.197,1137.9957,911.6468,0.9981,0.02228,47,0.94,0.0379,5599.837,513,25.65,2244.155,cpu_heavy,5
PRM,RISC-V-like,50,1028.1197,1072.9183,1002.0097,0.9981,0.02228,49,0.98,0.0312,5599.837,67,3.35,2244.155,cpu_heavy,5
Contextual Bandit RL,RISC-V-like,50,1726.1457,1770.9444,382.2431,0.9981,0.02228,48,0.96,0.0619,5599.837,494,24.7,2244.155,cpu_heavy,5
Proposed Hybrid,RISC-V-like,50,1351.1692,1395.9679,427.7688,0.9981,0.02228,49,0.98,0.1231,5599.837,511,25.55,2244.155,cpu_heavy,5
PRR,RISC-V-like,50,700.5957,731.8168,546.7296,0.9967,0.03192,47,0.94,0.2125,3122.109,348,17.4,1566.174,bursty,1
PRM,RISC-V-like,50,620.3614,651.5825,570.8703,0.9967,0.03192,43,0.86,0.1098,3122.109,56,2.8,1566.174,bursty,1
Contextual Bandit RL,RISC-V-like,50,975.9462,1007.1672,225.9192,0.9967,0.03192,44,0.88,0.1473,3122.109,317,15.85,1566.174,bursty,1
Proposed Hybrid,RISC-V-like,50,797.4368,828.6579,369.6525,0.9967,0.03192,49,0.98,0.1552,3122.109,329,16.45,1566.174,bursty,1
PRR,RISC-V-like,50,712.1202,746.002,568.0211,0.9985,0.02947,46,0.92,0.0863,3388.174,373,18.65,1696.707,bursty,2
PRM,RISC-V-like,50,718.7007,752.5824,699.9424,0.9985,0.02947,42,0.84,0.1133,3388.174,55,2.75,1696.707,bursty,2
Contextual Bandit RL,RISC-V-like,50,997.2763,1031.158,303.0235,0.9985,0.02947,46,0.92,0.0698,3388.174,341,17.05,1696.707,bursty,2
Proposed Hybrid,RISC-V-like,50,803.1407,837.0224,337.0285,0.9985,0.02947,45,0.9,0.1328,3388.174,352,17.6,1696.707,bursty,2
PRR,RISC-V-like,50,679.8846,710.0401,563.7331,0.9994,0.03314,48,0.96,0.0625,3015.543,338,16.9,1508.632,bursty,3
PRM,RISC-V-like,50,649.9459,680.1014,612.8596,0.9994,0.03314,44,0.88,0.0939,3015.543,71,3.55,1508.632,bursty,3
Contextual Bandit RL,RISC-V-like,50,972.8131,1002.9686,197.3975,0.9994,0.03314,46,0.92,0.1051,3015.543,327,16.35,1508.632,bursty,3
Proposed Hybrid,RISC-V-like,50,745.1975,775.3529,369.5951,0.9994,0.03314,45,0.9,0.0518,3015.543,304,15.2,1508.632,bursty,3
PRR,RISC-V-like,50,610.3208,641.2538,519.4301,0.9939,0.03213,44,0.88,0.094,3093.304,334,16.7,1556.082,bursty,4
PRM,RISC-V-like,50,626.4577,657.3908,624.0451,0.9939,0.03213,42,0.84,0.0924,3093.304,52,2.6,1556.082,bursty,4
Contextual Bandit RL,RISC-V-like,50,932.5954,963.5284,245.7058,0.9939,0.03213,47,0.94,0.1123,3093.304,326,16.3,1556.082,bursty,4
Proposed Hybrid,RISC-V-like,50,694.9127,725.8458,323.8038,0.9939,0.03213,46,0.92,0.0988,3093.304,327,16.35,1556.082,bursty,4
PRR,RISC-V-like,50,643.3186,673.1645,532.2158,0.9946,0.03333,44,0.88,0.1068,2984.587,310,15.5,1500.343,bursty,5
PRM,RISC-V-like,50,599.2595,629.1054,574.2089,0.9946,0.03333,43,0.86,0.1167,2984.587,55,2.75,1500.343,bursty,5
Contextual Bandit RL,RISC-V-like,50,968.2758,998.1217,239.2113,0.9946,0.03333,47,0.94,0.0512,2984.587,326,16.3,1500.343,bursty,5
Proposed Hybrid,RISC-V-like,50,767.2519,797.0978,288.5286,0.9946,0.03333,49,0.98,0.1112,2984.587,318,15.9,1500.343,bursty,5
PRR,RISC-V-like,50,288.5656,306.9182,236.6125,0.9931,0.05411,44,0.88,0.1261,1651.735,189,9.45,924.005,mixed,1
PRM,RISC-V-like,50,335.2514,353.6041,333.631,0.9931,0.05411,40,0.8,0.1527,1651.735,54,2.7,924.005,mixed,1
Contextual Bandit RL,RISC-V-like,50,418.2038,436.5564,166.5736,0.9931,0.05411,44,0.88,0.1125,1651.735,176,8.8,924.005,mixed,1
Proposed Hybrid,RISC-V-like,50,326.4225,344.7751,202.8614,0.9931,0.05411,40,0.8,0.1404,1651.735,161,8.05,924.005,mixed,1
PRR,RISC-V-like,50,208.0408,221.8371,192.6937,0.9955,0.07215,39,0.78,0.246,1241.667,115,5.75,692.955,mixed,2
PRM,RISC-V-like,50,183.2989,197.0952,170.9506,0.9955,0.07215,40,0.8,0.1915,1241.667,62,3.1,692.955,mixed,2
Contextual Bandit RL,RISC-V-like,50,163.2458,177.0421,82.3858,0.9955,0.07215,34,0.68,0.2831,1241.667,124,6.2,692.955,mixed,2
Proposed Hybrid,RISC-V-like,50,193.7363,207.5326,124.2034,0.9955,0.07215,44,0.88,0.21,1241.667,140,7.0,692.955,mixed,2
PRR,RISC-V-like,50,332.7665,354.3076,265.7085,0.999,0.04638,42,0.84,0.1483,1938.698,206,10.3,1078.084,mixed,3
PRM,RISC-V-like,50,368.7505,390.2915,342.3363,0.999,0.04638,40,0.8,0.1356,1938.698,55,2.75,1078.084,mixed,3
Contextual Bandit RL,RISC-V-like,50,480.1094,501.6505,172.192,0.999,0.04638,42,0.84,0.0797,1938.698,208,10.4,1078.084,mixed,3
Proposed Hybrid,RISC-V-like,50,384.1707,405.7118,223.6155,0.999,0.04638,45,0.9,0.0642,1938.698,218,10.9,1078.084,mixed,3
PRR,RISC-V-like,50,166.3295,180.2167,139.3619,0.984,0.07085,37,0.74,0.2176,1249.846,125,6.25,705.679,mixed,4
PRM,RISC-V-like,50,168.9732,182.8604,152.7065,0.984,0.07085,34,0.68,0.322,1249.846,61,3.05,705.679,mixed,4
Contextual Bandit RL,RISC-V-like,50,264.0717,277.9589,49.5299,0.984,0.07085,42,0.84,0.1811,1249.846,137,6.85,705.679,mixed,4
Proposed Hybrid,RISC-V-like,50,146.7843,160.6715,96.651,0.984,0.07085,41,0.82,0.2794,1249.846,132,6.6,705.679,mixed,4
PRR,RISC-V-like,50,212.0331,227.7852,182.9235,0.9879,0.06271,36,0.72,0.3316,1417.696,123,6.15,797.269,mixed,5
PRM,RISC-V-like,50,203.2287,218.9809,195.5426,0.9879,0.06271,35,0.7,0.2615,1417.696,62,3.1,797.269,mixed,5
Contextual Bandit RL,RISC-V-like,50,309.0565,324.8087,99.1085,0.9879,0.06271,44,0.88,0.1274,1417.696,147,7.35,797.269,mixed,5
Proposed Hybrid,RISC-V-like,50,205.6665,221.4187,145.9211,0.9879,0.06271,43,0.86,0.19,1417.696,149,7.45,797.269,mixed,5
PRR,RISC-V-like,100,0.272,5.7522,0.272,0.5378,0.09813,2,0.02,0.943,548.022,99,4.95,1019.022,light,1
PRM,RISC-V-like,100,0.4703,5.9505,0.2616,0.5378,0.09813,3,0.03,0.9399,548.022,100,5.0,1019.022,light,1
Contextual Bandit RL,RISC-V-like,100,0.272,5.7522,0.272,0.5378,0.09813,2,0.02,0.943,548.022,99,4.95,1019.022,light,1
Proposed Hybrid,RISC-V-like,100,0.272,5.7522,0.272,0.5378,0.09813,2,0.02,0.943,548.022,99,4.95,1019.022,light,1
PRR,RISC-V-like,100,0.2921,6.02,0.2505,0.5691,0.09935,3,0.03,0.9474,572.793,100,5.0,1006.568,light,2
PRM,RISC-V-like,100,0.2929,6.0209,0.1942,0.5691,0.09935,3,0.03,0.9539,572.793,100,5.0,1006.568,light,2
Contextual Bandit RL,RISC-V-like,100,0.2642,5.9922,0.2642,0.5691,0.09935,2,0.02,0.9474,572.793,99,4.95,1006.568,light,2
Proposed Hybrid,RISC-V-like,100,0.2642,5.9922,0.2642,0.5691,0.09935,2,0.02,0.9474,572.793,99,4.95,1006.568,light,2
PRR,RISC-V-like,100,0.0807,5.58,0.0807,0.5397,0.09814,2,0.02,0.9828,549.935,99,4.95,1018.971,light,3
PRM,RISC-V-like,100,0.0807,5.58,0.0807,0.5397,0.09814,2,0.02,0.9828,549.935,99,4.95,1018.971,light,3
Contextual Bandit RL,RISC-V-like,100,0.0807,5.58,0.0807,0.5397,0.09814,2,0.02,0.9828,549.935,99,4.95,1018.971,light,3
Proposed Hybrid,RISC-V-like,100,0.0807,5.58,0.0807,0.5397,0.09814,2,0.02,0.9828,549.935,99,4.95,1018.971,light,3
PRR,RISC-V-like,100,0.1175,5.9366,0.1175,0.5445,0.09356,1,0.01,0.975,581.913,99,4.95,1068.804,light,4
PRM,RISC-V-like,100,0.1175,5.9366,0.1175,0.5445,0.09356,1,0.01,0.975,581.913,99,4.95,1068.804,light,4
Contextual Bandit RL,RISC-V-like,100,0.1175,5.9366,0.1175,0.5445,0.09356,1,0.01,0.975,581.913,99,4.95,1068.804,light,4
Proposed Hybrid,RISC-V-like,100,0.1175,5.9366,0.1175,0.5445,0.09356,1,0.01,0.975,581.913,99,4.95,1068.804,light,4
PRR,RISC-V-like,100,0.19,5.7097,0.19,0.5653,0.10242,1,0.01,0.9603,551.967,99,4.95,976.412,light,5
PRM,RISC-V-like,100,0.2357,5.7554,0.158,0.5653,0.10242,2,0.02,0.9612,551.967,100,5.0,976.412,light,5
Contextual Bandit RL,RISC-V-like,100,0.19,5.7097,0.19,0.5653,0.10242,1,0.01,0.9603,551.967,99,4.95,976.412,light,5
Proposed Hybrid,RISC-V-like,100,0.2335,5.7531,0.158,0.5653,0.10242,1,0.01,0.9564,551.967,101,5.05,976.412,light,5
PRR,RISC-V-like,100,468.1642,481.865,381.3555,0.9963,0.07272,87,0.87,0.138,2055.13,311,15.55,1375.157,normal,1
PRM,RISC-V-like,100,429.7331,443.4339,408.0819,0.9963,0.07272,78,0.78,0.1991,2055.13,117,5.85,1375.157,normal,1
Contextual Bandit RL,RISC-V-like,100,599.3555,613.0563,249.2594,0.9963,0.07272,80,0.8,0.1631,2055.13,290,14.5,1375.157,normal,1
Proposed Hybrid,RISC-V-like,100,532.2777,545.9786,332.2946,0.9963,0.07272,93,0.93,0.063,2055.13,294,14.7,1375.157,normal,1
PRR,RISC-V-like,100,500.5525,514.8748,398.6753,0.9975,0.06965,80,0.8,0.1465,2148.359,330,16.5,1435.809,normal,2
PRM,RISC-V-like,100,470.8441,485.1665,461.0276,0.9975,0.06965,84,0.84,0.1478,2148.359,112,5.6,1435.809,normal,2
Contextual Bandit RL,RISC-V-like,100,669.3922,683.7146,255.3738,0.9975,0.06965,82,0.82,0.1342,2148.359,292,14.6,1435.809,normal,2
Proposed Hybrid,RISC-V-like,100,577.4291,591.7515,330.8858,0.9975,0.06965,91,0.91,0.0829,2148.359,308,15.4,1435.809,normal,2
PRR,RISC-V-like,100,484.0968,497.8455,403.6612,0.9982,0.0726,83,0.83,0.1524,2062.304,318,15.9,1377.38,normal,3
PRM,RISC-V-like,100,449.9594,463.7081,432.8798,0.9982,0.0726,81,0.81,0.1641,2062.304,123,6.15,1377.38,normal,3
Contextual Bandit RL,RISC-V-like,100,613.6951,627.4438,227.9055,0.9982,0.0726,80,0.8,0.1547,2062.304,293,14.65,1377.38,normal,3
Proposed Hybrid,RISC-V-like,100,522.3981,536.1468,337.2718,0.9982,0.0726,87,0.87,0.1329,2062.304,296,14.8,1377.38,normal,3
PRR,RISC-V-like,100,482.6843,497.2319,411.9607,0.9948,0.06838,83,0.83,0.2185,2182.141,322,16.1,1462.421,normal,4
PRM,RISC-V-like,100,479.7425,494.2901,458.2779,0.9948,0.06838,78,0.78,0.1658,2182.141,115,5.75,1462.421,normal,4
Contextual Bandit RL,RISC-V-like,100,612.4318,626.9794,288.3379,0.9948,0.06838,81,0.81,0.1544,2182.141,302,15.1,1462.421,normal,4
Proposed Hybrid,RISC-V-like,100,516.8739,531.4215,345.559,0.9948,0.06838,83,0.83,0.1046,2182.141,309,15.45,1462.421,normal,4
PRR,RISC-V-like,100,480.4623,494.2624,408.6352,0.9951,0.07211,86,0.86,0.1491,2070.016,316,15.8,1386.841,normal,5
PRM,RISC-V-like,100,456.8768,470.6769,442.3319,0.9951,0.07211,81,0.81,0.1455,2070.016,119,5.95,1386.841,normal,5
Contextual Bandit RL,RISC-V-like,100,662.702,676.5021,235.4808,0.9951,0.07211,83,0.83,0.1444,2070.016,299,14.95,1386.841,normal,5
Proposed Hybrid,RISC-V-like,100,547.5436,561.3438,349.3948,0.9951,0.07211,95,0.95,0.0642,2070.016,311,15.55,1386.841,normal,5
PRR,RISC-V-like,100,2143.7329,2187.5153,1791.9392,0.9993,0.02282,100,1.0,0.3269,10945.598,1044,52.2,4381.289,cpu_heavy,1
PRM,RISC-V-like,100,1990.2151,2033.9975,1924.9964,0.9993,0.02282,96,0.96,0.0434,10945.598,105,5.25,4381.289,cpu_heavy,1
Contextual Bandit RL,RISC-V-like,100,3416.0639,3459.8463,905.8113,0.9993,0.02282,95,0.95,0.0219,10945.598,961,48.05,4381.289,cpu_heavy,1
Proposed Hybrid,RISC-V-like,100,2550.6294,2594.4118,1118.821,0.9993,0.02282,98,0.98,0.0148,10945.598,959,47.95,4381.289,cpu_heavy,1
PRR,RISC-V-like,100,2237.4493,2282.8878,1880.6701,0.9995,0.022,98,0.98,0.0143,11359.647,1071,53.55,4545.909,cpu_heavy,2
PRM,RISC-V-like,100,2124.5238,2169.9624,2117.3989,0.9995,0.022,96,0.96,0.0322,11359.647,105,5.25,4545.909,cpu_heavy,2
Contextual Bandit RL,RISC-V-like,100,3684.632,3730.0706,834.8958,0.9995,0.022,96,0.96,0.035,11359.647,988,49.4,4545.909,cpu_heavy,2
Proposed Hybrid,RISC-V-like,100,2649.1662,2694.6048,1110.0296,0.9995,0.022,98,0.98,0.0434,11359.647,1028,51.4,4545.909,cpu_heavy,2
PRR,RISC-V-like,100,2204.9415,2248.8503,1832.7052,0.9997,0.02277,99,0.99,0.0153,10977.201,1040,52.0,4392.22,cpu_heavy,3
PRM,RISC-V-like,100,2071.7214,2115.6302,2028.6479,0.9997,0.02277,96,0.96,0.0396,10977.201,147,7.35,4392.22,cpu_heavy,3
Contextual Bandit RL,RISC-V-like,100,3479.7451,3523.6539,800.9627,0.9997,0.02277,96,0.96,0.0503,10977.201,971,48.55,4392.22,cpu_heavy,3
Proposed Hybrid,RISC-V-like,100,2480.3476,2524.2564,1165.5056,0.9997,0.02277,96,0.96,0.058,10977.201,980,49.0,4392.22,cpu_heavy,3
PRR,RISC-V-like,100,2286.1709,2332.2114,1950.6316,0.999,0.0217,99,0.99,0.0875,11510.109,1096,54.8,4608.813,cpu_heavy,4
PRM,RISC-V-like,100,2164.4056,2210.446,2144.8851,0.999,0.0217,96,0.96,0.0372,11510.109,105,5.25,4608.813,cpu_heavy,4
Contextual Bandit RL,RISC-V-like,100,3511.8027,3557.8431,1004.2996,0.999,0.0217,96,0.96,0.0478,11510.109,1027,51.35,4608.813,cpu_heavy,4
Proposed Hybrid,RISC-V-like,100,2568.0587,2614.0991,1172.4112,0.999,0.0217,98,0.98,0.0584,11510.109,1029,51.45,4608.813,cpu_heavy,4
PRR,RISC-V-like,100,2171.9475,2215.9935,1828.9839,0.999,0.02268,98,0.98,0.0197,11011.495,1041,52.05,4408.818,cpu_heavy,5
PRM,RISC-V-like,100,2064.3762,2108.4222,2044.1989,0.999,0.02268,98,0.98,0.0229,11011.495,118,5.9,4408.818,cpu_heavy,5
Contextual Bandit RL,RISC-V-like,100,3385.6211,3429.6671,931.6005,0.999,0.02268,96,0.96,0.0547,11011.495,969,48.45,4408.818,cpu_heavy,5
Proposed Hybrid,RISC-V-like,100,2504.8883,2548.9342,1117.9232,0.999,0.02268,98,0.98,0.038,11011.495,990,49.5,4408.818,cpu_heavy,5
PRR,RISC-V-like,100,1209.4738,1238.0993,1008.8699,0.9982,0.03487,93,0.93,0.0596,5725.109,656,32.8,2867.674,bursty,1
PRM,RISC-V-like,100,1134.4186,1163.0441,1089.8976,0.9982,0.03487,89,0.89,0.0927,5725.109,110,5.5,2867.674,bursty,1
Contextual Bandit RL,RISC-V-like,100,1732.525,1761.1505,554.0037,0.9982,0.03487,89,0.89,0.1262,5725.109,602,30.1,2867.674,bursty,1
Proposed Hybrid,RISC-V-like,100,1491.5489,1520.1744,730.6452,0.9982,0.03487,98,0.98,0.0911,5725.109,618,30.9,2867.674,bursty,1
PRR,RISC-V-like,100,1303.2258,1333.8389,1088.4816,0.9991,0.03264,94,0.94,0.0654,6122.63,722,36.1,3063.935,bursty,2
PRM,RISC-V-like,100,1294.4534,1325.0665,1276.8566,0.9991,0.03264,90,0.9,0.0763,6122.63,108,5.4,3063.935,bursty,2
Contextual Bandit RL,RISC-V-like,100,1666.8247,1697.4378,605.7202,0.9991,0.03264,91,0.91,0.0617,6122.63,629,31.45,3063.935,bursty,2
Proposed Hybrid,RISC-V-like,100,1533.8852,1564.4984,768.342,0.9991,0.03264,94,0.94,0.0334,6122.63,674,33.7,3063.935,bursty,2
PRR,RISC-V-like,100,1277.0407,1305.8183,1075.1904,0.9997,0.03474,94,0.94,0.0716,5755.522,671,33.55,2878.621,bursty,3
PRM,RISC-V-like,100,1231.1293,1259.9069,1194.676,0.9997,0.03474,92,0.92,0.0634,5755.522,138,6.9,2878.621,bursty,3
Contextual Bandit RL,RISC-V-like,100,1706.6655,1735.4431,386.4888,0.9997,0.03474,89,0.89,0.0728,5755.522,630,31.5,2878.621,bursty,3
Proposed Hybrid,RISC-V-like,100,1329.4524,1358.23,865.6132,0.9997,0.03474,92,0.92,0.0493,5755.522,612,30.6,2878.621,bursty,3
PRR,RISC-V-like,100,1355.4661,1386.8016,1188.3948,0.997,0.03182,95,0.95,0.0559,6267.109,746,37.3,3142.984,bursty,4
PRM,RISC-V-like,100,1316.4453,1347.7808,1312.2157,0.997,0.03182,88,0.88,0.0847,6267.109,108,5.4,3142.984,bursty,4
Contextual Bandit RL,RISC-V-like,100,1861.6912,1893.0267,574.5395,0.997,0.03182,92,0.92,0.0764,6267.109,669,33.45,3142.984,bursty,4
Proposed Hybrid,RISC-V-like,100,1418.4157,1449.7513,769.1628,0.997,0.03182,96,0.96,0.0403,6267.109,676,33.8,3142.984,bursty,4
PRR,RISC-V-like,100,1256.3132,1285.2555,1066.9457,0.9972,0.03446,92,0.92,0.0759,5788.457,648,32.4,2902.278,bursty,5
PRM,RISC-V-like,100,1220.7662,1249.7084,1197.7572,0.9972,0.03446,92,0.92,0.0724,5788.457,107,5.35,2902.278,bursty,5
Contextual Bandit RL,RISC-V-like,100,1742.77,1771.7122,517.5313,0.9972,0.03446,91,0.91,0.0629,5788.457,621,31.05,2902.278,bursty,5
Proposed Hybrid,RISC-V-like,100,1423.7445,1452.6868,766.6259,0.9972,0.03446,98,0.98,0.0562,5788.457,640,32.0,2902.278,bursty,5
PRR,RISC-V-like,100,650.6014,669.6994,575.7651,0.9967,0.05219,90,0.9,0.1004,3437.648,418,20.9,1916.179,mixed,1
PRM,RISC-V-like,100,700.3812,719.4792,693.8335,0.9967,0.05219,82,0.82,0.1502,3437.648,113,5.65,1916.179,mixed,1
Contextual Bandit RL,RISC-V-like,100,811.2476,830.3456,389.6751,0.9967,0.05219,83,0.83,0.1398,3437.648,367,18.35,1916.179,mixed,1
Proposed Hybrid,RISC-V-like,100,673.3541,692.4522,477.1756,0.9967,0.05219,89,0.89,0.079,3437.648,359,17.95,1916.179,mixed,1
PRR,RISC-V-like,100,482.2687,498.3164,437.2777,0.998,0.06219,81,0.81,0.2031,2888.589,343,17.15,1607.912,mixed,2
PRM,RISC-V-like,100,480.7484,496.7961,465.9621,0.998,0.06219,80,0.8,0.1809,2888.589,120,6.0,1607.912,mixed,2
Contextual Bandit RL,RISC-V-like,100,468.0263,484.074,245.4131,0.998,0.06219,72,0.72,0.2194,2888.589,311,15.55,1607.912,mixed,2
Proposed Hybrid,RISC-V-like,100,507.1827,523.2304,289.0681,0.998,0.06219,90,0.9,0.1123,2888.589,328,16.4,1607.912,mixed,2
PRR,RISC-V-like,100,498.9712,516.3067,418.0841,0.9994,0.05765,83,0.83,0.1478,3120.398,358,17.9,1734.584,mixed,3
PRM,RISC-V-like,100,585.058,602.3936,562.3616,0.9994,0.05765,81,0.81,0.1501,3120.398,114,5.7,1734.584,mixed,3
Contextual Bandit RL,RISC-V-like,100,757.2592,774.5948,339.238,0.9994,0.05765,85,0.85,0.072,3120.398,345,17.25,1734.584,mixed,3
Proposed Hybrid,RISC-V-like,100,661.5255,678.8611,471.4983,0.9994,0.05765,95,0.95,0.034,3120.398,368,18.4,1734.584,mixed,3
PRR,RISC-V-like,100,375.3612,390.3138,327.7354,0.9925,0.06638,76,0.76,0.1986,2691.47,289,14.45,1506.581,mixed,4
PRM,RISC-V-like,100,403.1065,418.0591,372.8825,0.9925,0.06638,74,0.74,0.2397,2691.47,124,6.2,1506.581,mixed,4
Contextual Bandit RL,RISC-V-like,100,494.0848,509.0374,154.318,0.9925,0.06638,82,0.82,0.1567,2691.47,266,13.3,1506.581,mixed,4
Proposed Hybrid,RISC-V-like,100,391.6046,406.5572,267.2934,0.9925,0.06638,91,0.91,0.1556,2691.47,287,14.35,1506.581,mixed,4
PRR,RISC-V-like,100,405.4114,421.2646,352.5956,0.9939,0.0627,77,0.77,0.2749,2853.567,314,15.7,1594.975,mixed,5
PRM,RISC-V-like,100,472.1897,488.0428,453.0906,0.9939,0.0627,75,0.75,0.2304,2853.567,121,6.05,1594.975,mixed,5
Contextual Bandit RL,RISC-V-like,100,547.2788,563.132,238.5643,0.9939,0.0627,84,0.84,0.1692,2853.567,295,14.75,1594.975,mixed,5
Proposed Hybrid,RISC-V-like,100,507.8857,523.7388,335.4569,0.9939,0.0627,91,0.91,0.1138,2853.567,328,16.4,1594.975,mixed,5
